"ID","Metabolite","Metab.ID","Library.ID","level","KEGG.Compound.ID","M.Z","Retention.time","Mode","Adducts","Formula","Fragmentation.Score","Theoretical.Fragmentation.Score","Mass.Error","CAS.ID","RSD"
"pos_1001","LysoPA(22:5(7Z,10Z,13Z,16Z,19Z)/0:0)","metab_4","HMDB0114754","B(ii)","-",526.2925,6.4202,"pos","M+ACN+H","C25H41O7P",0,64.3,-0.591542280236268,"-",0.057592983397
"pos_1008","Palmitoylcarnitine","metab_11","HMDB0240783;LMFA07070004;HMDB0000222","B(i)","C02990",400.3414,6.4357,"pos","M+H","C23H45NO4",76.6,0,-1.91865671397094,"2364-67-2",0.00888563009974
"pos_1009","Chenodeoxycholylarginine","metab_12","HMDB0242396","B(ii)","-",590.4252,6.4357,"pos","M+ACN+H","C30H52N4O5",0,58.7,-4.35770814829593,"-",0.00640624089955
"pos_1015","Dihomo-alpha-linolenic acid","metab_19","HMDB0060039","B(ii)","C16522",324.2889,6.4591,"pos","M+NH4","C20H34O2",0,78.1,-2.68877720925679,"17046-59-2",0.011256765337
"pos_1017","N-Oleoyl Arginine","metab_21","HMDB0241954","B(ii)","-",502.3728,6.4591,"pos","M+ACN+Na","C24H46N4O3",0,56.3,0.0391412713000893,"-",0.00449471573803
"pos_1023","Acetolein","metab_26","HMDB0303184","B(ii)","-",458.3468,6.4746,"pos","M+NH4","C25H44O6",0,70.4,-1.96057575407242,"-",0.00917441562959
"pos_1029","8-Amino-7-oxononanoic acid","metab_31","LMFA01060168;HMDB0240687","B(ii)","C01092",170.1173,6.4979,"pos","M+H-H2O","C9H17NO3",0,73.4,-1.53304446861966,"682799-71-9",0.0806247051284
"pos_1033","LysoPC(16:1(9Z)/0:0)","metab_36","HMDB0010383","B(ii)","C04230",494.3232,6.5135,"pos","M+H","C24H48NO7P",0,90.1,-1.76558086155272,"76790-27-7",0.017969621207
"pos_1034","GPEtn(16:1/22:5)","metab_37","HMDB0011360;HMDB0008978;HMDB0008977;HMDB0011359","B(i)","C00350",764.5195,6.5135,"pos","M+H","C43H74NO8P",96.8,0,-3.90187209081189,"-",0.0272816398343
"pos_1050","3-Oxododecanoic acid","metab_54","HMDB0010727;PW_C006734","B(ii)","C02367",237.1453,6.6067,"pos","M+Na","C12H22O3",0,40.4,-3.72192818705246,"-",0.0348613994877
"pos_1072","Dihydrozeatin-O-glucoside","metab_73","HMDB0012214","B(ii)","C16448",425.2137,6.6768,"pos","M+ACN+H","C16H25N5O6",0,43.8,-1.53784270554992,"62512-96-3",0.0262264497872
"pos_1082","3-Ketosphingosine","metab_84","LMSP01010002;HMDB0245914","B(ii)","C06121",320.2554,6.7154,"pos","M+Na","C18H35NO2",0,40.1,-2.02998873225329,"-",0.0320295158192
"pos_1086","Estradiol cypionate","metab_88","HMDB0251962","B(ii)","C14640",438.2972,6.7232,"pos","M+ACN+H","C26H36O3",0,43.4,-7.76168442718871,"313-06-4",0.0441936551595
"pos_1087","Macimorelin","metab_89","HMDB0254290","B(ii)","-",507.271,6.7232,"pos","M+CH3OH+H","C26H30N6O3",0,31,-1.00732168848546,"-",0.0536339807136
"pos_109","L-Asparagine","metab_92","PW_C000110;HMDB0000168;HMDB0251512;MJDBOTE0000518","B(i)","C00152",155.0424,0.5676,"pos","M+H, M+Na","C4H8N2O3",62.2,0,-2.25150133839115,"70-47-3",0.00265282502501
"pos_1090","(+/-)-Pelletierine","metab_93","HMDB0030325","B(ii)","C06182",142.1225,6.7541,"pos","M+H","C8H15NO",0,44.3,-1.23115350531696,"539-00-4",0.00824880628273
"pos_1093","Nerolidol","metab_96","LMPR0103010005;HMDB0035663;HMDB0041629;HMDB0035662;MJDBOTE0001747","B(ii)","C09704",240.2317,6.7618,"pos","M+NH4","C15H26O",0,69.1,-2.22993612195028,"7212-44-4;1119-38-6;142-50-7",0.00810854091218
"pos_1099","PE-NMe2(18:2(9Z,12Z)/14:1(9Z))","metab_101","PW_C060083;HMDB0114066","B(ii)","C04308",746.5346,6.8083,"pos","M+CH3OH+H","C39H72NO8P",0,75.7,2.24008510187639,"-",0.160150308488
"pos_111","Glycerylphosphorylcholine","metab_110","HMDB0000086;HMDB0252858","B(ii)","C00670",280.0914,0.5598,"pos","M+Na, M+K","C8H20NO6P",0,48.3,-2.36075302997536,"28319-77-9",0.0117820159415
"pos_1121","Stearamide","metab_121","HMDB0034146;LMFA08010003","B(i)","C13846",325.3206,6.9245,"pos","M+ACN+H","C18H37NO",88.2,0,-2.73917029831327,"124-26-5",0.00293162184824
"pos_1123","PC(18:1(11Z)/14:1(9Z))","metab_123","PW_C004114;HMDB0008065","B(ii)","C00157",730.5363,6.9245,"pos","M+H","C40H76NO8P",0,75.7,-2.50150793523919,"-",0.0674086622543
"pos_1132","LysoPA(O-18:0/0:0)","metab_130","HMDB0011144","B(ii)","-",466.3285,7.0176,"pos","M+ACN+H","C21H45O6P",0,80.3,-1.62986920290357,"-",0.254680370099
"pos_116","KAPA","metab_155","HMDB0240687","B(i)","C01092",170.1172,4.466,"pos","M+H-H2O, M+H","C9H17NO3",60.6,0,-1.96630962326535,"682799-71-9",0.0122630506872
"pos_1162","Sebacic Acid","metab_158","LMFA01170006;HMDB0000792;MJDBOTE0000540","B(i)","C08277",203.1274,7.2349,"pos","M+H","C10H18O4",90.6,0,-2.01932689319503,"111-20-6",0.0072703505771
"pos_1168","Hexylamine","metab_163","HMDB0032323","B(ii)","C08306",102.128,7.2581,"pos","M+H","C6H15N",0,49.2,2.8106559699396,"111-26-2",0.0034725181657
"pos_119","Sucrose","metab_182","PW_C000177;HMDB0000258","B(i)","C00089",365.1046,0.6222,"pos","M+Na, M+K","C12H22O11",83.9,0,-2.46809528101166,"57-50-1",0.00177420261397
"pos_1190","7-[(1R,2R,3R,5S)-3,5-Dihydroxy-2-[(3S)-3-hydroxyoctyl]cyclopentyl]heptanoylcarnitine","metab_183","HMDB0241885","B(ii)","-",502.373,7.4134,"pos","M+H","C27H51NO7",0,53.7,-1.63441262285319,"-",0.00621558083342
"pos_1192","DG(20:5(7Z,9Z,11E,13E,17Z)-3OH(5,6,15)/0:0/22:0)","metab_185","HMDB0296790","B(ii)","-",746.5683,7.4212,"pos","M+","C45H78O8",0,30.8,-1.84860999308592,"-",0.110420774031
"pos_1199","Miglitol","metab_191","HMDB0014634;MJDBOTE0000907","B(ii)","C07708",190.107,7.4912,"pos","M+H-H2O","C8H17NO5",0,55,-1.7679752933282,"72432-03-2",0.0351523667209
"pos_1201","GPEtn(16:1/18:0)","metab_195","HMDB0011340;HMDB0008983;HMDB0008958","B(i)","C00350",718.5379,7.4912,"pos","M+H","C39H76NO8P",90.2,0,-0.310012572096697,"-",0.0669874463915
"pos_1202","Fagomine","metab_196","HMDB0033453","B(ii)","C10144",148.0966,7.5066,"pos","M+H","C6H13NO3",0,53,-1.48094544044196,"53185-12-9",0.0161927926111
"pos_1205","PG(18:2(9Z,12Z)/16:0)","metab_199","PW_C006653;LMGP04010877;HMDB0010645","B(ii)","C00344",791.4798,7.53,"pos","M+2Na-H","C40H75O10P",0,53.8,-1.54352583982988,"-",0.183653693317
"pos_121","Arabinofuranosylcytosine","metab_203","HMDB0015122;HMDB0248553","B(ii)","C02961",266.0741,0.6379,"pos","M+H, M+Na","C9H13N3O5",0,36.4,-2.73185654542578,"147-94-4",0.0232962883577
"pos_1217","Latrunculin B","metab_210","HMDB0253990","B(ii)","C19904",413.2111,7.5924,"pos","M+NH4","C20H29NO5S",0,82.3,1.63066542767017,"76343-94-7",0.0239061777484
"pos_1224","17-AAG","metab_218","HMDB0244762","B(ii)","-",586.3081,7.608,"pos","M+H","C31H43N3O8",0,31.7,-7.19002959302654,"-",0.0824355567242
"pos_1227","Apstatin","metab_221","HMDB0248539","B(ii)","-",459.2471,7.6158,"pos","M+","C23H33N5O5",0,30.4,-2.27410142808427,"-",0.0853608456388
"pos_1229","GPCho(18:1/16:0)","metab_223","HMDB0008067;HMDB0008126;HMDB0011239;HMDB0013426;HMDB0011272;HMDB0011305;HMDB0008100;HMDB0013424","B(i)","C00157",782.5667,7.6158,"pos","M+Na","C42H82NO8P",92.8,0,-0.415229226898859,"-",0.0310644253355
"pos_1245","Ruscogenin","metab_241","HMDB0257364;LMST01080038","B(ii)","C08909",494.3233,7.6626,"pos","M+ACN+Na","C27H42O4",0,82,-1.78862766813972,"472-11-7",0.0168074340504
"pos_1253","1-Hexadecanol","metab_249","LMFA05000061;HMDB0003424","B(ii)","C00823",265.2519,7.6858,"pos","M+Na","C16H34O",0,75.1,7.24801427238065,"36653-82-4",0.0248977616963
"pos_126","N-(4-Methylpentan-2-yl)-N-phenylbenzene-1,4-diamine","metab_256","-","B(i)","-",269.2007,5.9635,"pos","M+, M+H","C18H24N2",92.1,0,-2.05647557310951,"-",0.00965708902992
"pos_130","N-Undecanoylglycine","metab_301","HMDB0013286","B(ii)","-",266.1744,6.0781,"pos","M+H, M+Na","C13H25NO3",0,52,7.07459942717921,"-",0.00410914359505
"pos_1346","Icofungipen","metab_350","HMDB0253367","B(ii)","-",82.5377,7.7325,"pos","M+H+Na","C7H11NO2",0,30.2,-1.15794899535378,"-",0.0337812390988
"pos_1357","Linoleic acid","metab_362","PW_C000530;HMDB0000673;HMDB0247706;HMDB0006270;LMFA01030120","B(ii)","C01595",263.2364,7.6858,"pos","M+H-H2O","C18H32O2",0,72.1,-2.10382362778202,"60-33-3;506-21-8",0.0148379944004
"pos_136","Stearidonic acid","metab_365","PW_C002804;LMFA01030357;HMDB0006547","B(ii)","C16300",294.2421,6.2958,"pos","M+H, M+NH4","C18H28O2",0,64.3,-2.26837625470104,"20290-75-9",0.00562132343211
"pos_1364","Epothilone B","metab_370","HMDB0251874;LMPK04000041","B(ii)","C12154",507.2689,7.6626,"pos","M+","C27H41NO6S",0,30.8,6.77606042977375,"152044-54-7",0.0176680645074
"pos_1370","Eriojaposide B","metab_376","HMDB0038029","B(ii)","C17889",534.2948,7.6547,"pos","M+NH4","C25H40O11",0,63.9,7.59736802637346,"351412-97-0",0.029087509507
"pos_1371","Isoetharine","metab_377","HMDB0014366","B(ii)","C07053",542.3207,7.6547,"pos","2M+ACN+Na","C13H21NO3",0,72.9,1.3578248940695,"530-08-5",0.0319725820088
"pos_1372","Amastatin","metab_378","HMDB0248277","B(ii)","C01552",516.3054,7.6547,"pos","M+ACN+H","C21H38N4O8",0,60.8,5.49731562362734,"67655-94-1;69400-55-1",0.099628032811
"pos_1373","5-Methyl-1H-Benzotriazole","metab_379","-","B(i)","-",134.0712,7.6547,"pos","M+H","C7H7N3",89.9,0,-0.892909938802701,"-",0.015089728663
"pos_138","PC(18:0/0:0)","metab_385","LMGP01050026;HMDB0010384","B(i)","C04230",524.3703,6.3268,"pos","M+H, M+Na","C26H54NO7P",87,0,-1.4471155964156,"19420-57-6",0.15331927067
"pos_1384","Melamine","metab_390","HMDB0041922;MJDBOTE0001255","B(i)","C08737",127.0726,7.6236,"pos","M+H","C3H6N6",86.8,0,-0.18940540044829,"108-78-1",0.0189589990277
"pos_139","Linolenelaidic acid","metab_396","LMFA01030153;HMDB0030964","B(ii)","C06427",279.2313,6.3658,"pos","M+H, M+ACN+H","C18H30O2",0,62.8,-2.01661840639824,"28290-79-1",0.0189180924174
"pos_1392","SM(d18:0/16:1(9Z))","metab_398","HMDB0013464","B(ii)","C00550",725.556,7.6158,"pos","M+Na","C39H79N2O6P",0,77.3,-1.20066149395557,"-",0.0246590734811
"pos_1393","PC(16:0/0:0)","metab_399","LMGP01050018;HMDB0010382","B(i)","C04230",518.3209,7.6158,"pos","M+Na","C24H50NO7P",95.4,0,-1.63343406818293,"17364-16-8",0.041389026752
"pos_1399","PS(15:0/20:2(11Z,14Z))","metab_405","HMDB0112328;LMGP03010152;PW_C060726","B(ii)","C02737",796.507,7.608,"pos","M+Na","C41H76NO10P",0,61.5,-3.7877379760748,"-",0.0310478537088
"pos_1400","GPCho(18:1/16:1)","metab_408","HMDB0011240;HMDB0011273;HMDB0008101;HMDB0008068;HMDB0011306","B(i)","C00157",780.5501,7.608,"pos","M+Na","C42H80NO8P",95.8,0,-1.7087994387537,"-",0.0693544802508
"pos_1401","CL(18:0/18:1(9Z)/22:5(7Z,10Z,13Z,16Z,19Z)/22:5(4Z,7Z,10Z,13Z,16Z))","metab_409","HMDB0057191;PW_C037645","B(ii)","C05980",778.5343,7.608,"pos","M+2H","C89H152O17P2",0,52.6,2.28165046530314,"-",0.0360952165819
"pos_1416","1-Lyso-2-arachidonoyl-phosphatidate","metab_424","HMDB0012496","B(ii)","-",441.2425,7.5924,"pos","M+H-H2O","C23H39O7P",0,32.2,5.31018618192993,"-",0.0294991336098
"pos_143","PA(20:3(5Z,8Z,11Z)/20:3(5Z,8Z,11Z))","metab_437","PW_C062551;HMDB0115132","B(ii)","C00416",766.531,6.4046,"pos","M+NH4, M+ACN+H","C43H73O8P",0,44.8,-9.49039916405822,"-",0.035362422569
"pos_1433","PG(18:1(9Z)/16:1(9Z))","metab_440","PW_C006639;LMGP04010881;HMDB0010631","B(ii)","C00344",769.498,7.5222,"pos","M+Na","C40H75O10P",0,45.7,-1.39391278423301,"-",0.241042629336
"pos_1443","LysoPC(18:1(11Z)/0:0)","metab_448","HMDB0010385","B(ii)","C04230",522.3548,7.4677,"pos","M+H","C26H52NO7P",0,90,-1.27336531746721,"-",0.00496884715581
"pos_1455","Crassostrea Secocarotenoid","metab_459","HMDB0037789","B(ii)","-",634.4512,7.4134,"pos","M+NH4","C40H56O5",0,63.2,7.41994850914162,"256505-51-8",0.011521429726
"pos_1457","20-Hydroxy-leukotriene E4","metab_461","LMFA03020062;LMFA03020025;HMDB0012639","B(ii)","C03577",488.2694,7.4134,"pos","M+CH3OH+H","C23H37NO6S",0,67.4,3.75159387139974,"111844-33-8",0.00638388141248
"pos_146","Gonal","metab_464","HMDB0252913","B(ii)","-",278.2474,6.5213,"pos","M+H, M+NH4","C18H28O",0,38.9,-1.65549653607537,"-",0.00880582541816
"pos_1465","Butylisopropylamine","metab_469","-","B(i)","-",116.1435,7.3512,"pos","M+H","C7H17N",71,0,1.14282160898415,"-",0.00347166128199
"pos_1471","Isopentanol","metab_475","HMDB0006007","B(ii)","C07328",71.0847,7.2814,"pos","M+H-H2O","C5H12O",0,33.8,-9.1486759698388,"123-51-3",0.00930790612144
"pos_1481","Floionolic acid","metab_486","HMDB0034295;LMFA02000147","B(ii)","C19621",315.2523,7.2425,"pos","M+H-H2O","C18H36O5",0,71.6,-2.07421598512481,"17705-68-9",0.00823523747809
"pos_1486","2,5-Heptadien-1-ol","metab_490","HMDB0040339","B(ii)","-",95.0859,7.2349,"pos","M+H-H2O","C7H12O",0,51.5,3.38767928146893,"62237-90-5",0.0223451750176
"pos_1506","Venlafaxine","metab_511","HMDB0005016;PW_C002364","B(ii)","C07187",341.2216,7.1339,"pos","M+ACN+Na","C17H27NO2",0,45.1,5.8808243559332,"93413-69-5",0.0101524565807
"pos_1508","FAPy-adenine","metab_513","HMDB0004816","B(ii)","C06502",195.0985,7.1339,"pos","M+ACN+H","C5H7N5O",0,49.4,-2.43752966573744,"5122-36-1",0.00830627285963
"pos_151","Manoyl oxide","metab_515","HMDB0302821","B(ii)","C21725",308.2942,6.8006,"pos","M+H, M+NH4","C20H34O",0,57.2,-1.93356647797234,"-",0.0187256178765
"pos_1515","6-(2,6-Dimethoxypyridin-3-yl)-9-ethoxy-8-methoxy-1,2,3,4,4a,10b-hexahydrophenanthridin-2-ol","metab_520","HMDB0256185","B(ii)","-",413.2112,7.1108,"pos","M+H","C23H28N2O5",0,54.5,9.8344148448557,"-",0.045718263353
"pos_1519","Betamethasone 17 Valerate","metab_524","HMDB0249157","B(ii)","-",441.2424,7.103,"pos","M+H-2H2O","C27H37FO6",0,38.9,-2.52119105410834,"-",0.0725487415027
"pos_1520","N-(1,3-Dimethylbutyl)-N'-phenyl-p-phenylenediamine","metab_526","HMDB0247397","B(ii)","-",269.2009,7.103,"pos","M+H","C18H24N2",0,54,-1.24318141773675,"-",0.0170896953902
"pos_1527","7,10,13,16,19-Docosapentaenoic acid","metab_532","HMDB0006528;HMDB0246621;HMDB0247288;LMFA01030184","B(ii)","C16513",724.5262,7.0487,"pos","2M+ACN+Na","C22H34O2",0,34.4,-2.05031498705682,"24880-45-3",0.139949700237
"pos_1537","3-Hydroxyocta-2,5-dienoylcarnitine","metab_542","HMDB0241723","B(ii)","-",299.1746,7.0176,"pos","M+","C15H25NO5",0,52.4,4.47196980902385,"-",0.01440811135
"pos_1550","Pipericine","metab_553","LMFA08020200;HMDB0031678","B(ii)","-",336.3253,6.9401,"pos","M+H","C22H41NO",0,39.5,-2.32834502654333,"-",0.0154055976747
"pos_1557","Dioctyl Phthalate","metab_559","HMDB0251427;HMDB0249243","B(i)","C03690;C14227",391.2833,6.9245,"pos","M+H","C24H38O4",34.2,0,-2.50059601299617,"117-81-7",0.012904906331
"pos_1588","4-Hydroxyvalproic acid","metab_578","HMDB0013900;PW_C008642;LMFA01050496","B(ii)","C16649",125.0961,6.8006,"pos","M+H-2H2O","C8H16O3",0,44,0.212745303028524,"60113-82-8",0.0237718553293
"pos_1597","(S)-(-)-Perillyl alcohol","metab_586","HMDB0003634","B(i)","C02452",135.1167,6.7618,"pos","M+H-H2O","C10H16O",79,0,-0.792128489205599,"536-59-4",0.00813438129098
"pos_1598","Isophorone","metab_587","HMDB0031195","B(i)","C14743",156.1381,6.7618,"pos","M+NH4","C9H14O",72.9,0,-1.37420795570585,"78-59-1",0.0125157121417
"pos_1599","PC(16:0/18:1(9Z))","metab_588","LMGP01010005;PW_C004021;HMDB0007972","B(ii)","C00157",760.583,6.7541,"pos","M+H","C42H82NO8P",0,82.6,-2.73471802334632,"6753-55-5;26853-31-6",0.0627176939597
"pos_1600","PC(O-16:0/20:4(8Z,11Z,14Z,17Z))","metab_591","HMDB0013407;LMGP01020245","B(ii)","-",768.5877,6.7541,"pos","M+H","C44H82NO7P",0,43.4,-3.16635226431421,"-",0.113341957027
"pos_1604","(E)-6,10-Dimethyl-9-methylene-5-undecen-2-one","metab_595","HMDB0035862","B(ii)","-",226.2161,6.7541,"pos","M+NH4","C14H24O",0,54.3,-2.30322572915632,"64854-44-0",0.00396940310562
"pos_1605","D-(+)-dihydrocarvone","metab_596","HMDB0302236","B(ii)","C11398",170.1537,6.7541,"pos","M+NH4","C10H16O",0,67.9,-1.85340077059413,"-",0.0148358121284
"pos_163","(+/-)-1,4-Nonanediol diacetate","metab_622","HMDB0037184","B(ii)","-",245.1743,7.2581,"pos","M+H-H2O, M+H","C13H24O4",0,37,-1.96746812417622,"67715-81-5",0.00778187757054
"pos_1642","(3E,6Z)-3,6-Nonadien-1-ol","metab_635","LMFA05000555;HMDB0038067","B(ii)","-",123.1169,6.6456,"pos","M+H-H2O","C9H16O",0,30.7,0.22765954927665,"56805-23-3",0.00961391525401
"pos_1650","Ibuprofen","metab_644","PW_C001284;HMDB0001925;MJDBOTE0001402","B(ii)","C01588",454.2919,6.6301,"pos","2M+ACN+H","C13H18O2",0,39.1,-8.02051365918504,"15687-27-1",0.0663688492814
"pos_1663","Salbutamol","metab_656","HMDB0001937","B(ii)","C11770",520.3389,6.5912,"pos","2M+ACN+H","C13H21NO3",0,43.7,1.66852290571368,"18559-94-9",0.0268385377738
"pos_1675","PC(14:0/16:0)","metab_668","HMDB0013341;PW_C003919;HMDB0007869;LMGP01010481","B(ii)","C00157",706.5368,6.5679,"pos","M+H","C38H76NO8P",0,85.2,-1.92695998841681,"69525-80-0",0.0353864041064
"pos_168","GPCho(18:4/16:0)","metab_670","HMDB0008232","B(i)","C00157",754.5343,7.6158,"pos","M+H, 2M+3H2O+2H","C42H76NO8P",69.4,0,-5.12974629921498,"-",0.0243711343157
"pos_1682","Alpha-Eudesmol","metab_673","HMDB0302254","B(ii)","C09663",240.2316,6.5601,"pos","M+NH4","C15H26O",0,51.2,-2.45656572785944,"473-16-5",0.0243965635921
"pos_1694","Homo-L-arginine","metab_682","HMDB0000670","B(ii)","C01924",188.1278,6.5135,"pos","M+","C7H16N4O2",0,50.5,2.53935025516006,"156-86-5",0.0206712417629
"pos_1705","Tobramycin","metab_693","PW_C009161;HMDB0014822","B(ii)","C00397",485.2888,6.4746,"pos","M+NH4","C18H37N5O9",0,55,-8.81575395723371,"32986-56-4",0.0209405212053
"pos_1707","Cuminaldehyde","metab_695","HMDB0002214","B(i)","C06577",149.0959,6.4746,"pos","M+H","C10H12O",50.3,0,-1.56835875073497,"122-03-2",0.00693286451145
"pos_1708","1,2,3,4-Tetrahydronaphthalene","metab_696","HMDB0244120","B(ii)","C14114",133.101,6.4746,"pos","M+H","C10H12",0,61.2,-1.20251992849281,"119-64-2",0.0265987839329
"pos_1712","LysoPC(22:6(4Z,7Z,10Z,13Z,16Z,19Z)/0:0)","metab_700","HMDB0010404","B(ii)","C04230",568.3387,6.4591,"pos","M+H","C30H50NO7P",0,72.9,-1.95647945001124,"162440-05-3",0.0323230971238
"pos_1715","2-Nonenal","metab_703","HMDB0031269;LMFA06000041;HMDB0255708","B(ii)","-",298.2735,6.4591,"pos","2M+NH4","C9H16O",0,45.8,-2.07482780194248,"2463-53-8",0.0125786089489
"pos_1717","Oleoylethanolamide","metab_705","HMDB0002088","B(ii)","C20792",308.2941,6.4513,"pos","M+H-H2O","C20H39NO2",0,31.8,-2.143226257795,"111-58-0",0.00479176549651
"pos_1722","1-(8Z,11Z,14Z-eicosatrienoyl)-glycero-3-phosphate","metab_711","LMGP10050028;HMDB0114759;HMDB0062313","B(ii)","-",502.2923,6.4357,"pos","M+ACN+H","C23H41O7P",0,36.5,-1.17638144382481,"-",0.00758322194007
"pos_1725","Galaxolide","metab_713","HMDB0244470","B(ii)","-",276.2316,6.4357,"pos","M+NH4","C18H26O",0,36.6,-2.21339571834365,"-",0.0110016723341
"pos_1726","(3S,3'S,5R,5'R,6R)-3,6-Epoxy-5,6-dihydro-3',5,8'-trihydroxy-beta,kappa-caroten-6'-one","metab_714","HMDB0037795","B(ii)","-",634.4512,6.4279,"pos","M+NH4","C40H56O5",0,66.7,7.44176146029109,"256505-53-0",0.00578160834111
"pos_1732","3-ketosphinganine","metab_719","LMSP01020002;HMDB0001480","B(i)","C02934",300.2891,6.4202,"pos","M+H","C18H37NO2",48.3,0,-2.17208836063533,"16105-69-4",0.0187941855916
"pos_1737","PS(15:0/16:0)","metab_724","HMDB0112281;PW_C057117;LMGP03010917","B(ii)","C02737",722.5036,6.4046,"pos","M+H","C37H72NO10P",0,64.1,9.6123224924468,"-",0.0590192657692
"pos_1742","Ursolic acid (trans-3-O-hydroxycinnamoyl-)","metab_730","HMDB0304748","B(ii)","-",620.4356,6.389,"pos","M+NH4","C39H54O5",0,55.3,7.64193941049306,"-",0.133587616495
"pos_1745","Geranylacetone","metab_733","HMDB0031846","B(ii)","C13297",212.2004,6.389,"pos","M+NH4","C13H22O",0,32.5,-2.4752597654045,"3796-70-1",0.0265416074229
"pos_1754","1-Nonanol","metab_742","LMFA05000092;HMDB0031265","B(ii)","C14696",186.1849,6.3346,"pos","M+ACN+H","C9H20O",0,38.1,-2.62549263395817,"143-08-8",0.00764342621844
"pos_1761","3-Hydroxyocta-3,5-dienoylcarnitine","metab_750","HMDB0241728","B(ii)","-",299.1748,6.319,"pos","M+","C15H25NO5",0,50.4,4.96248328367589,"-",0.00343357677971
"pos_1779","Thromboxane B2","metab_767","PW_C001820;HMDB0003252;LMFA03030002","B(ii)","C05963",371.2395,6.2724,"pos","M+H","C20H34O6",0,76.8,-8.88110483861254,"54397-85-2",0.0208301211918
"pos_1792","Alpha-Bisabolol oxide A","metab_781","HMDB0038196","B(ii)","C16773",256.2265,6.2413,"pos","M+NH4","C15H26O2",0,62.3,-2.65958598387296,"22567-36-8",0.0079898441958
"pos_1793","Astromicin","metab_782","HMDB0248678","B(ii)","C17708",447.2916,6.2336,"pos","M+ACN+H","C17H35N5O6",0,32.7,-2.32221286751177,"55779-06-1",0.00479429959212
"pos_1797","13(S)-Hydroperoxylinolenic acid","metab_786","HMDB0301803","B(ii)","C04785",293.2105,6.2257,"pos","M+H-H2O","C18H30O4",0,82.8,-1.96776907128689,"67597-26-6",0.0247294000147
"pos_1804","(22R)-Budesonide","metab_795","HMDB0242500","B(ii)","-",494.2528,6.2024,"pos","M+ACN+Na","C25H34O6",0,45.5,3.5115882384098,"-",0.0451702663341
"pos_1811","Chavicol","metab_802","HMDB0034107","B(i)","C16930",135.0803,6.2024,"pos","M+H","C9H10O",34.9,0,-1.27064217822387,"501-92-8",0.00784909100226
"pos_1813","Xi-5-Isopropyl-2(5H)-furanone","metab_804","HMDB0041474","B(ii)","-",91.0546,6.2024,"pos","M+H-2H2O","C7H10O2",0,33,3.12914953071943,"100019-33-8",0.0278138626436
"pos_1815","Histidylprolineamide","metab_806","HMDB0253186","B(ii)","-",269.1714,6.1946,"pos","M+NH4","C11H17N5O2",0,31.7,-2.51479836438526,"-",0.00978139753706
"pos_1818","Arachidoyl Ethanolamide","metab_809","HMDB0248559","B(i)","-",356.3516,6.1869,"pos","M+H","C22H45NO2",48.3,0,-1.97113564465426,"-",0.00427552880686
"pos_1822","(2xi,4xi)-2,4-Nonadien-1-ol","metab_814","HMDB0038400","B(ii)","-",158.1537,6.1791,"pos","M+NH4","C9H16O",0,33.4,-1.91647838342502,"-",0.0138042313045
"pos_1839","(R)-1-O-[b-D-Apiofuranosyl-(1->2)-b-D-glucopyranoside]-1,3-octanediol","metab_832","HMDB0032798","B(ii)","-",419.2604,6.1324,"pos","M+H-H2O","C21H40O9",0,59.2,-8.14240605659956,"-",0.00144418138422
"pos_1843","Tuberculostearic acid","metab_837","HMDB0004085;LMFA01020015","B(ii)","C16794",316.3203,6.1324,"pos","M+NH4","C19H38O2",0,41.7,-2.36216587937267,"542-47-2",0.00686256376508
"pos_1845","Goshuyic acid","metab_839","LMFA01030257;HMDB0000560","B(ii)","-",242.2109,6.1324,"pos","M+NH4","C14H24O2",0,41.3,-2.4821110547898,"39039-37-7",0.00330469764977
"pos_1848","P-Tolualdehyde","metab_842","HMDB0029638","B(i)","C06758",121.0648,6.1324,"pos","M+H","C8H8O",89.9,0,0.488077626317358,"104-87-0",0.0014631600967
"pos_1849","Styrene","metab_843","HMDB0034240","B(i)","C07083;C19506",105.0701,6.1324,"pos","M+H","C8H8",72.3,0,1.71883617892954,"100-42-5",0.00850672989819
"pos_1854","N-Acetyl-b-glucosaminylamine","metab_849","HMDB0001104","B(ii)","C01239",253.1402,6.1169,"pos","M+CH3OH+H","C8H16N2O5",0,75.4,3.53161889811136,"-",0.00527302747052
"pos_1855","2-Amino-6-methoxypurine","metab_850","HMDB0245002","B(ii)","-",207.0984,6.1169,"pos","M+ACN+H","C6H7N5O",0,72.2,-2.84288412066961,"-",0.00250166372538
"pos_1860","Avocadene","metab_855","HMDB0031042;LMFA05000639","B(ii)","-",304.2841,6.0936,"pos","M+NH4","C17H34O3",0,63.5,-1.98017999735636,"83797-45-9",0.109796085308
"pos_1861","Pelargonidin 3-sophoroside","metab_856","HMDB0033679;LMPK12010018","B(ii)","C16305",616.1753,6.0858,"pos","M+Na","C28H33O14+",0,93.7,-1.55738736818869,"54542-60-8",0.0779840025573
"pos_1865","Tricycloekasantalol","metab_860","HMDB0039339","B(ii)","-",198.1849,6.0781,"pos","M+NH4","C12H20O",0,54.1,-2.03281957147174,"16933-12-3",0.00980046660933
"pos_1868","Kinetensin 1-3","metab_863","HMDB0012983","B(ii)","-",359.2392,6.0626,"pos","M+H","C15H30N6O4",0,33.3,-2.60855302158542,"138482-55-0",0.00825232367161
"pos_1873","16-Hydroxyhexadecanoic acid","metab_869","HMDB0006294","B(ii)","C18218",290.2683,6.0548,"pos","M+NH4","C16H32O3",0,77.6,-2.51290825989971,"506-13-8",0.00618822105045
"pos_1881","Gamma-Dodecalactone","metab_878","LMFA07040042","B(i)","-",216.1953,6.0318,"pos","M+NH4","C12H22O2",45.4,0,-2.50791527998887,"-",0.00992870444531
"pos_1887","Tetrabenazine","metab_884","HMDB0015592","B(ii)","C11168",350.2299,5.9929,"pos","M+CH3OH+H","C19H27NO3",0,43.2,-8.38685945837586,"58-46-8",0.0101936851887
"pos_1890","Trihexyphenidyl","metab_888","HMDB0014520","B(ii)","C07171",319.2736,5.9862,"pos","M+NH4","C20H31NO",0,56.7,-2.54455430782452,"144-11-6",0.0332042881342
"pos_1893","N,N-Dimethyldecylamine oxide","metab_891","-","B(i)","-",202.216,5.9788,"pos","M+H","C12H27NO",37.4,0,-2.52948731747603,"-",0.0158308446603
"pos_1896","1-Hexanol","metab_894","HMDB0012971","B(ii)","C00854",246.2422,5.9635,"pos","2M+ACN+H","C6H14O",0,64.1,-2.65971157755337,"111-27-3",0.00877166076899
"pos_1899","Calcitroic acid","metab_897","HMDB0006472","B(ii)","C18230",413.2109,5.9484,"pos","M+K","C23H34O4",0,84.3,5.46091312054134,"71204-89-2",0.00413478269227
"pos_1902","Procyclidine","metab_902","HMDB0014531","B(ii)","C07378",305.258,5.9334,"pos","M+NH4","C19H29NO",0,38.6,-2.63651660887232,"77-37-2",0.0172114383428
"pos_1905","3-Hydroxyocta-2,4-dienoylcarnitine","metab_905","HMDB0241726","B(ii)","-",299.1746,5.9111,"pos","M+","C15H25NO5",0,63.4,4.3574509121908,"-",0.0108273851963
"pos_1906","Jasmolone","metab_906","HMDB0030039","B(ii)","-",198.1484,5.8969,"pos","M+NH4","C11H16O2",0,68.7,-2.57409485546849,"54383-66-3",0.0332519394656
"pos_1909","Ingenol","metab_909","HMDB0253484","B(ii)","C09112",366.228,5.8361,"pos","M+NH4","C20H28O5",0,53.7,1.30506780380541,"30220-46-3",0.182752658101
"pos_1920","2-Azaspiro[4.5]decan-3-one","metab_921","HMDB0247166","B(ii)","-",171.1488,5.6871,"pos","M+NH4","C9H15NO",0,39.5,-2.54626134594069,"-",0.00549392078835
"pos_1921","P-coumaroyltriacetic acid lactone","metab_922","HMDB0304447","B(ii)","C12087",254.0572,5.6783,"pos","M+H-H2O","C15H11O5-",0,51.7,-0.758120855097666,"-",0.0550742559765
"pos_1931","(3S)-3-hydroxycyclocitral","metab_933","HMDB0303972","B(ii)","C19731",186.1484,5.4585,"pos","M+NH4","C10H16O2",0,48.1,-2.51341694213365,"-",0.0238480703372
"pos_1933","Dodecanoic acid","metab_935","PW_C000497;LMFA01010012;HMDB0303348;HMDB0303347;HMDB0002262;HMDB0000638","B(ii)","C02530;C02679",218.2109,5.4291,"pos","M+NH4","C12H24O2",0,46.5,-2.57704594068933,"143-07-7;1908-11-8",0.0257167082244
"pos_1939","(S)-10,16-Dihydroxyhexadecanoic acid","metab_940","HMDB0037798","B(ii)","C08285",333.2008,5.2534,"pos","M+2Na-H","C16H32O4",0,53.7,-1.44693478547123,"69232-67-3",0.0129324050515
"pos_1954","Deoxycholylarginine","metab_956","HMDB0242418","B(ii)","-",566.4263,4.9155,"pos","M+NH4","C30H52N4O5",0,62,-2.32376663514634,"-",0.0117450944021
"pos_1980","4-Piperidinone, 1-hydroxy-2,2,6,6-tetramethyl-","metab_982","-","B(i)","-",172.1328,4.4595,"pos","M+H","C9H17NO2",73,0,-2.21616211434513,"-",0.0429344348251
"pos_1981","4-Vinylcyclohexene","metab_983","HMDB0246592","B(ii)","C19310",109.1014,4.4595,"pos","M+H","C8H12",0,48.6,1.69274575917854,"100-40-3",0.019201011715
"pos_200","PC(P-16:0/2:0)","metab_1004","LMGP01030009","B(i)","-",544.3368,7.6547,"pos","M+H-H2O, M+Na","C26H52NO7P",95.8,0,-0.99986061090833,"-",0.157236880747
"pos_2006","N-Myristoyl Arginine","metab_1010","HMDB0242046","B(ii)","-",385.3163,3.9111,"pos","M+H","C20H40N4O3",0,85.1,-2.56108117341659,"-",0.0659631863439
"pos_2008","N-Lauroyl Arginine","metab_1012","HMDB0242027","B(ii)","-",357.285,3.9031,"pos","M+H","C18H36N4O3",0,73.3,-2.74721523161866,"-",0.0185181160154
"pos_2012","5-Phenyl-1,3-oxazinane-2,4-dione","metab_1017","PW_C040533;HMDB0060400","B(ii)","C16596",174.0546,3.7992,"pos","M+H-H2O","C10H9NO3",0,61.4,-1.84491484563328,"-",0.0476196463543
"pos_2027","Tranexamic Acid","metab_1030","PW_C008836;HMDB0014447;MJDBOTE0000780","B(i)","C12535",158.1173,3.4988,"pos","M+H","C8H15NO2",52.6,0,-1.72268585062954,"1197-18-8",0.0321114149021
"pos_203","PS(18:1(12Z)-2OH(9,10)/20:2(11Z,14Z))","metab_1032","HMDB0282308","B(ii)","-",890.5088,7.608,"pos","M+H, M+2Na-H","C44H80NO12P",0,57.6,-4.99305063830908,"-",0.0353754495126
"pos_2030","Ethylmethylacetic acid","metab_1033","HMDB0002176","B(ii)","C18319",144.1017,3.4428,"pos","M+ACN+H","C5H10O2",0,32.7,-1.84666497772173,"116-53-0",0.0559197972094
"pos_2035","Mexiletine","metab_1038","HMDB0014523;PW_C008900","B(ii)","C07220",221.1641,3.2548,"pos","M+ACN+H","C11H17NO",0,57.3,-3.974883697052,"31828-71-4",0.0324927133773
"pos_2040","Leucylleucine","metab_1044","HMDB0028933;HMDB0254039","B(ii)","C11332",227.1748,3.1355,"pos","M+H-H2O","C12H24N2O3",0,77.1,-2.47347093615783,"3303-31-9",0.00393142950454
"pos_2046","Benzeneacetonitrile","metab_1050","HMDB0034171","B(ii)","C16074",117.0574,3.0349,"pos","M+","C8H7N",0,39.2,-4.03848679909221,"140-29-4",0.00755139020486
"pos_2054","Cystine-glutamate","metab_1058","HMDB0250714","B(ii)","-",401.0832,3.0118,"pos","M+NH4","C11H17N3O8S2",0,41.2,9.69848199262633,"-",0.0190206991002
"pos_2058","Indole-3-Carboxaldehyde","metab_1062","HMDB0000195;HMDB0029737;HMDB0000197;MJDBSJD0000088","B(i)","C08493;C00294;C00954",146.0598,2.9884,"pos","M+H","C9H7NO",96.3,0,-1.41034627539013,"87-51-4;58-63-9;487-89-8",0.0383856501489
"pos_206","SM(d16:2(4E,8Z)/6 keto-PGF1alpha)","metab_1063","HMDB0290310","B(ii)","-",804.5499,7.608,"pos","M+NH4, M+ACN+H","C41H75N2O10P",0,88,0.164145561417122,"-",0.0378710510129
"pos_2060","Serotonin","metab_1064","HMDB0000259;PW_C000178;MJDBSJD0000073","B(ii)","C00780",159.0914,2.9808,"pos","M+H-H2O","C10H12N2O",0,50,-1.42435763310154,"50-67-9",0.0302334323477
"pos_2063","4-Acetamido-2-aminobutanoic acid","metab_1067","HMDB0031411","B(ii)","C06442",143.0813,2.9491,"pos","M+H-H2O","C6H12N2O3",0,37.6,-1.36745169433657,"1190-46-1",0.0354181100484
"pos_2074","Fasoracetam","metab_1079","HMDB0252174","B(ii)","C13311",229.1541,2.8428,"pos","M+CH3OH+H","C10H16N2O2",0,30.9,-2.92007901987903,"110958-19-5",0.00965479804571
"pos_2084","Vomifoliol","metab_1089","HMDB0303570","B(ii)","C04166",247.1282,2.7518,"pos","M+Na","C13H20O3",0,42.9,-9.92982376099901,"-",0.00233285765188
"pos_2088","N'-nitrosonornicotine","metab_1093","HMDB0041940","B(ii)","C16452",195.1223,2.6944,"pos","M+NH4","C9H11N3O",0,41.6,-9.73816533033949,"16543-55-8",0.034582685802
"pos_2091","Glycyl-leucine","metab_1097","HMDB0000759;MJDBOTE0000578","B(i)","C02155",189.1229,2.6646,"pos","M+H","C8H16N2O3",95.8,0,-2.36350090711399,"869-19-2",0.0103166512371
"pos_2093","Guanidino arginine","metab_1099","HMDB0252971","B(ii)","-",232.1538,2.6439,"pos","M+H","C7H17N7O2",0,58.1,9.28639967093213,"-",0.0139195267626
"pos_2094","5-Hydroxy-L-tryptophan","metab_1100","PW_C000358;HMDB0000472","B(ii)","C00643",221.0915,2.635,"pos","M+H","C11H12N2O3",0,63.9,-2.414455116313,"4350-09-8",0.0159743659038
"pos_2095","1-Tert-Butyl 4-ethyl 3-oxopiperidine-1,4-dicarboxylate","metab_1101","HMDB0247311","B(ii)","-",236.1275,2.6251,"pos","M+H-2H2O","C13H21NO5",0,50.6,-2.2403510553189,"-",0.0177543755991
"pos_21","2,3-Dihydroxypropanamide","metab_1105","HMDB0245395","B(ii)","-",147.0762,0.5676,"pos","M+ACN+H, M+ACN+Na, M+Na","C3H7NO3",0,40,-1.97298164353139,"-",0.00218177030862
"pos_2119","L-Phenylalanine","metab_1127","HMDB0250791;PW_C000104;HMDB0000159;MJDBAA00000196","B(i)","C00079",166.086,2.2352,"pos","M+H","C9H11NO2",83.4,0,-1.44888901571813,"63-91-2",0.00150041888154
"pos_2128","Cyclohexenyl","metab_1137","HMDB0250656","B(ii)","-",105.0671,2.156,"pos","M+Na","C6H10",0,30.6,-4.50954644675728,"-",0.00736124811738
"pos_2132","1,2,5-Trihydroxypyrrole-3-sulfonic acid","metab_1142","HMDB0255342","B(ii)","-",159.9689,2.0796,"pos","M+H-2H2O","C4H5NO6S",0,30.9,-5.30746930172948,"-",0.0129223263441
"pos_2162","Pro-Pro-Pro","metab_1175","HMDB0256689","B(ii)","-",310.1753,1.7169,"pos","M+H","C15H23N3O4",0,87.3,-2.62626673103341,"-",0.00868721128713
"pos_2164","Umbelliferone","metab_1177","HMDB0029865;MJDBOTE0000399","B(ii)","C09315",180.0651,1.7169,"pos","M+NH4","C9H6O3",0,77.7,-2.47905582484107,"93-35-6",0.0321883209411
"pos_2165","Guanine","metab_1178","PW_C000086;HMDB0000132;MJDBOTE0000457","B(i)","C00242",152.0564,1.7169,"pos","M+H","C5H5N5O",87.8,0,-1.61831132085527,"73-40-5",0.00417752054416
"pos_2169","3'-Adenylic Acid","metab_1182","HMDB0258140;HMDB0003540","B(i)","C01367",348.0695,1.6892,"pos","M+H","C10H14N5O7P",85.4,0,-2.52247380822998,"84-21-9",0.00626904812794
"pos_2177","4-(Phosphonomethyl)piperidine-2-carboxylic acid","metab_1191","HMDB0246313","B(ii)","-",223.0631,1.6029,"pos","M+","C7H14NO5P",0,31.9,9.58206898323177,"-",0.00577710298941
"pos_2180","4-Methylstyrene","metab_1195","HMDB0246518","B(i)","-",119.0856,1.5985,"pos","M+H","C9H10",58.4,0,0.798012124725981,"-",0.0114845015733
"pos_2181","Kojic Acid","metab_1196","HMDB0032923;HMDB0258034","B(i)","C14516",143.0337,1.5794,"pos","M+H","C6H6O4",33.8,0,-1.5524325011029,"501-30-4",0.0237077004161
"pos_2194","QUISQUALIC ACID","metab_1210","HMDB0257060","B(ii)","C08296",231.0718,1.4285,"pos","M+ACN+H","C5H7N3O5",0,52.7,-2.93140346741657,"52809-07-1",0.00490637102804
"pos_2198","L-Isoleucine","metab_1214","HMDB0000172;HMDB0000557;PW_C000112;MJDBOTE0001077","B(i)","C00407",132.1018,1.3803,"pos","M+H","C6H13NO2",79.9,0,-0.757340764980987,"1509-34-8;73-32-5",0.0100080857004
"pos_2205","Vanillylamine","metab_1223","HMDB0012309","B(ii)","C16666",136.0755,1.3032,"pos","M+H-H2O","C8H11NO2",0,41.9,-1.14866084726543,"1196-92-5",0.00480754828895
"pos_2206","Uracil","metab_1224","PW_C000204;HMDB0000300;MJDBOTE0000838","B(i)","C00106",113.0347,1.3032,"pos","M+H","C4H4N2O2",60.8,0,1.45079861123752,"66-22-8",0.00375053142359
"pos_2210","Oxidized Glutathione","metab_1229","HMDB0003337;HMDB0011691;PW_C001847;MJDBOTE0000407","B(i)","C00127",307.0824,1.2568,"pos","M+2H","C20H32N6O12S2",38.3,0,-2.87292602301931,"27025-41-8;15718-51-1",0.00444254723009
"pos_2213","Xanthine","metab_1232","PW_C000198;HMDB0000292;MJDBOTE0000403","B(i)","C00385",153.0404,1.193,"pos","M+H","C5H4N4O2",85.3,0,-1.74450741794014,"69-89-6",0.0015242383873
"pos_2221","Hydroxyprolyl-Valine","metab_1241","HMDB0028876","B(ii)","-",213.1228,1.1276,"pos","M+H-H2O","C10H18N2O4",0,53.2,-2.43355278143402,"-",0.0439376450081
"pos_2226","Histidylleucine","metab_1246","HMDB0028889;HMDB0253179","B(ii)","C05010",269.1601,1.082,"pos","M+H","C12H20N4O3",0,52.4,-2.50111399309403,"7763-65-7",0.0265037450733
"pos_2227","2-Hydroxypurine","metab_1247","HMDB0245165","B(ii)","-",137.0456,1.0661,"pos","M+H","C5H4N4O",0,36.3,-1.21789573983289,"-",0.0039589370194
"pos_2229","Heliotridine","metab_1249","HMDB0253071","B(ii)","C10321",188.1277,1.0626,"pos","M+CH3OH+H","C8H13NO2",0,31,-2.65069759497307,"520-63-8",0.00988153203247
"pos_2233","Threonic acid","metab_1254","HMDB0000943","B(ii)","C01620",295.0655,1.0284,"pos","2M+Na","C4H8O5",0,37.8,7.24349321379385,"7306-96-9",0.0431024902603
"pos_2238","(+/-)-2-Hydroxy-4-(methylthio)butanoic acid","metab_1259","HMDB0037115","B(ii)","-",133.0316,0.9871,"pos","M+H-H2O","C5H10O3S",0,31.6,-0.927186854110009,"120-91-2",0.0182994892529
"pos_2242","3-deoxy-D-manno-octulosonate","metab_1264","HMDB0304125","B(ii)","C01187",261.0577,0.9619,"pos","M+Na","C8H14O8",0,61.8,-1.82583053284277,"10149-14-1",0.0151714968124
"pos_2246","Cis,cis-Muconic acid","metab_1268","LMFA01170077;HMDB0006331","B(i)","C02480",143.0337,0.9228,"pos","M+H","C6H6O4",51.7,0,-1.38941189452039,"1119-72-8",0.019040201576
"pos_2254","O-Acetylcarnitine","metab_1277","HMDB0240773;HMDB0000201","B(i)","C02571",204.1226,0.8766,"pos","M+H","C9H17NO4",88.6,0,-2.10863529568077,"3040-38-8",0.00592768662163
"pos_2257","(S)-Methylmalonic acid semialdehyde","metab_1280","PW_C001500;LMFA01060190;HMDB0002217","B(ii)","C06002",85.0288,0.8651,"pos","M+H-H2O","C4H6O3",0,33.4,4.26311745045729,"99043-16-0",0.0134555426496
"pos_226","(3beta,5alpha,9alpha,22E,24R)-3,5,9-Trihydroxy-23-methylergosta-7,22-dien-6-one","metab_1283","HMDB0032669","B(ii)","-",522.3545,7.1262,"pos","M+, M+ACN+Na","C29H46O4",0,44.1,-1.86034288401638,"211486-12-3",0.0337228026412
"pos_2262","Coniferyl Alcohol","metab_1286","HMDB0012915;MJDBOTE0001211","B(i)","C00590",163.075,0.8311,"pos","M+H-H2O","C10H12O3",42.9,0,-1.83252542354941,"32811-40-8;458-35-5;32811-40-8",0.00920645178014
"pos_2263","Taurine","metab_1287","HMDB0000251;PW_C000171;MJDBOTE0000787","B(i)","C00245",126.0219,0.8311,"pos","M+H","C2H7NO3S",53.2,0,-0.0984297012150298,"107-35-7",0.00604908390427
"pos_2264","(S,S)-Butane-2,3-diol","metab_1288","-","B(i)","C03046",73.0654,0.8311,"pos","M+H-H2O","C4H10O2",56.2,0,6.62706026201307,"19132-06-0",0.00320107739222
"pos_2287","L-Tyrosine","metab_1313","PW_C000103;HMDB0000158;MJDBOTE0000356","B(i)","C00082",182.081,0.7007,"pos","M+H","C9H11NO3",93.2,0,-0.974143226608516,"60-18-4",0.00736636447482
"pos_2292","(R)-Acetoin","metab_1319","HMDB0303161;HMDB0003243","B(ii)","C00810;C00466",71.0497,0.6691,"pos","M+H-H2O","C4H8O2",0,40.9,6.73623090878849,"513-86-0;53584-56-8",0.00687835364728
"pos_2295","5-Aminopentanoic acid","metab_1322","HMDB0003355;LMFA01100040","B(ii)","C00431",162.0498,0.6535,"pos","M+2Na-H","C5H11NO2",0,44.9,-2.56618375768908,"660-88-8",0.0383937785059
"pos_2304","METHACHOLINE","metab_1333","HMDB0015654","B(i)","C07471",160.1329,0.6379,"pos","M+H","C8H17NO2",61.4,0,-1.73149984528658,"55-92-5",0.0115064550797
"pos_2318","Creatine","metab_1347","HMDB0000064;PW_C000046;MJDBOTE0000560","B(i)","C00300",132.0767,0.6066,"pos","M+H","C4H9N3O2",83.3,0,-0.643007160583965,"57-00-1",0.0111176335842
"pos_232","Oleamide","metab_1349","HMDB0002117;HMDB0247607;LMFA08010004","B(ii)","C19670",585.5316,6.7618,"pos","M+H-H2O, 2M+Na","C18H35NO",0,37,-2.39947088097932,"301-02-0",0.133759488223
"pos_2322","4-Trimethylammoniobutanoic Acid","metab_1352","HMDB0001161;PW_C000899","B(i)","C01181",146.1173,0.591,"pos","M+H","C7H15NO2",35.3,0,-1.54241570600888,"407-64-7",0.0258282578801
"pos_2324","Epsilon-(gamma-Glutamyl)lysine","metab_1354","HMDB0003869","B(ii)","-",276.1548,0.5832,"pos","M+H","C11H21N3O5",0,71.2,-2.13551359058334,"17105-15-6",0.0747373590334
"pos_2328","D-Mannose 1-phosphate","metab_1358","HMDB0006330;PW_C002722","B(ii)","C00636",305.0001,0.5832,"pos","M+2Na-H","C6H13O9P",0,63.5,-2.98615864154359,"15978-07-1;27251-84-9",0.00304698691245
"pos_233","Dihydrojasmone","metab_1360","HMDB0031565","B(i)","-",184.1693,6.7618,"pos","M+H-H2O, M+NH4","C11H18O",35,0,-1.62058366367607,"1128-08-1",0.00020663344978
"pos_2332","Methionine Sulfoxide","metab_1363","PW_C001342;HMDB0002005","B(i)","C02989",166.053,0.5832,"pos","M+H","C5H11NO3S",75.9,0,-1.55392926645607,"3226-65-1;62697-73-8",0.0107196126639
"pos_234","4-(2,6,6-Trimethyl-1-cyclohexen-1-yl)-2-butanone","metab_1371","HMDB0032913","B(ii)","C03527",212.2005,6.7618,"pos","M+H-H2O, M+NH4","C13H22O",0,40.4,-1.93796550178317,"17283-81-7",0.00644762422752
"pos_2340","N'-[(4-Oxo-4H-chromen-3-yl)methylene]nicotinohydrazide","metab_1372","HMDB0258486","B(ii)","-",338.0498,0.5754,"pos","M+2Na-H","C16H11N3O3",0,40.3,-4.80879790274048,"-",0.00336028079076
"pos_2342","(5S,6R)-Methyl 5,6,7-trihydroxyheptanoate","metab_1374","HMDB0247393","B(ii)","-",210.1331,0.5754,"pos","M+NH4","C8H16O5",0,34.8,-2.52373819459054,"-",0.00722966738832
"pos_2343","Choline Phosphate","metab_1375","HMDB0001565","B(i)","C00588",184.073,0.5754,"pos","M+","C5H15NO4P+",90.2,0,-4.98876953940991,"107-73-3;3616-04-4",0.00528783850579
"pos_2344","L-Carnitine","metab_1376","PW_C000044;HMDB0000062;MJDBOTE0000806","B(i)","C00318",162.1122,0.5754,"pos","M+H","C7H15NO3",73.1,0,-1.70342977409533,"541-15-1",0.00918188030477
"pos_235","3-Methyl-2-cyclohexen-1-one","metab_1382","HMDB0031541","B(ii)","-",128.107,6.7618,"pos","M+H, M+NH4","C7H10O",0,40.8,-0.289095002116134,"1193-18-6",0.00725488266423
"pos_2352","L-Glutamic Acid","metab_1385","PW_C000095;HMDB0003339;HMDB0060475;HMDB0000148;MJDBOTE0000649","B(i)","C00217;C00302;C00025",148.0602,0.5676,"pos","M+H","C5H9NO4",63.8,0,-1.60841897706672,"6893-26-1;56-86-0",0.00389931191141
"pos_2367","L-Serine","metab_1401","PW_C000120;HMDB0000187;MJDBOTE0001776","B(i)","C00065",106.0501,0.5598,"pos","M+H","C3H7NO3",77.8,0,2.44868700181182,"56-45-1",0.00556482857296
"pos_2377","Spermine","metab_1412","PW_C000970;HMDB0001256","B(i)","C00750",203.2228,0.552,"pos","M+H","C10H26N4",52,0,-1.2362310721125,"71-44-3",0.0829216566676
"pos_239","2-Decylfuran","metab_1425","HMDB0032215","B(ii)","-",191.1791,6.7541,"pos","M+H-H2O, M+H","C14H24O",0,46.3,-1.34788391679387,"83469-85-6",0.0265963171914
"pos_240","4-Dodecylmorpholine","metab_1437","-","B(i)","-",256.263,6.7309,"pos","M+H, M+ACN+H","C16H33NO",30.2,0,-1.97436619206146,"-",0.00175247115497
"pos_2414","Choline","metab_1453","HMDB0000097;HMDB0250194;PW_C000065;MJDBOTE0000238","B(i)","C00114;C00919",104.1073,0.5363,"pos","M+","C5H14NO+",83.8,0,-2.70015999160049,"62-49-7",0.000615865757185
"pos_2453","N6,N6,N6-Trimethyl-L-lysine","metab_1496","HMDB0001325;PW_C001022","B(ii)","C03793",189.1594,0.5128,"pos","M+H","C9H20N2O2",0,40.7,-1.84286909844902,"19253-88-4",0.00476954644367
"pos_2455","L-Histidine","metab_1498","HMDB0000177;PW_C000116;MJDBOTE0000427","B(i)","C00135",156.0766,0.5128,"pos","M+H","C6H9N3O2",91.8,0,-1.21121450214915,"71-00-1",0.00577958457598
"pos_247","Linoleamide","metab_1514","HMDB0062656;LMFA08010008","B(ii)","-",559.5187,6.6379,"pos","M+H-H2O, 2M+H","C18H33NO",0,76.4,-1.50428389195112,"3072-13-7",0.0119134337312
"pos_251","Arctiol","metab_1559","HMDB0301955","B(ii)","-",254.2473,6.599,"pos","M+H, M+NH4","C16H28O",0,51.3,-2.22304626943641,"-",0.00176868225929
"pos_2544","3-Amino-1-hydroxypyrrolidin-2-one","metab_1596","HMDB0245803","B(ii)","-",161.0292,0.4418,"pos","M+2Na-H","C4H8N2O2",0,30.8,-4.69022376395967,"-",0.00834089567948
"pos_255","PC(16:0/16:1(9Z))","metab_1602","LMGP01010566;HMDB0007969;PW_C004018","B(ii)","C00157",732.5523,6.5679,"pos","M+H, M+Na","C40H78NO8P",0,92.4,-2.01695829340094,"53595-24-7",0.011554440872
"pos_278","Benzidine","metab_1681","HMDB0041835","B(ii)","C16444",184.0991,5.9635,"pos","M+, M+H","C12H12N2",0,48.9,-5.1824593908235,"92-87-5",0.028817993568
"pos_285","Didesethylflurazepam","metab_1689","HMDB0251222","B(ii)","-",332.0944,0.6222,"pos","M+H, M+Na","C17H15ClFN3O",0,52.9,-5.10204748839023,"-",0.0137396847118
"pos_286","L-Proline","metab_1690","HMDB0000162;PW_C000106;HMDB0251528;MJDBOTE0000527","B(i)","C00148",116.0707,0.6145,"pos","M+H, M+Na","C5H9NO2",89.3,0,1.09746627114439,"147-85-3",0.00295586857671
"pos_292","L-Methionine S-oxide","metab_1697","HMDB0002005","B(i)","C02989",148.0424,0.9697,"pos","M+H-H2O, M+H","C5H11NO3S",57.6,0,-1.81078346640905,"3226-65-1",0.0149458354488
"pos_3","2-Amino-4-[carbamimidoyl(methyl)amino]butanoic acid","metab_1705","HMDB0255374","B(ii)","-",175.1187,0.5128,"pos","M+H, M+2Na-H, M+K, M+Na","C6H14N4O2",0,71.9,-1.45733033175512,"-",0.0085423482101
"pos_30","1-(2,3,8,8-Tetramethyl-1,2,3,4,5,6,7,8-octahydronaphthalen-2-yl)ethanone","metab_1706","-","B(i)","-",252.2316,6.4901,"pos","M+H, M+NH4, M+H-H2O","C16H26O",58.2,0,-2.48162256641129,"-",0.0110007190142
"pos_301","2-Hydroxycinnamic acid","metab_1708","HMDB0002641;HMDB0041592","B(i)","C01772;C05838",182.0808,1.3032,"pos","M+H, M+NH4","C9H8O3",71.9,0,-2.01103778618357,"614-60-8;495-79-4",0.000952199712336
"pos_31","PC(18:1(9Z)/16:0)","metab_1717","PW_C004149;HMDB0008100;LMGP01010884","B(ii)","C00157",760.5829,6.5679,"pos","M+H, M+Na, M+CH3OH+H","C42H82NO8P",0,91.5,-2.87887315718291,"6753-55-5",0.0250514415401
"pos_310","(alpha-D-mannosyl)7-beta-D-mannosyl-diacetylchitobiosyl-L-asparagine, isoform A (protein)","metab_1718","HMDB0062251","B(ii)","C01401",112.0371,0.552,"pos","M+Na, M+CH3OH+H","C3H7NO2",0,31.1,2.50584403603556,"302-72-7",0.0156089452325
"pos_312","Inosine","metab_1720","HMDB0247301;PW_C000127;HMDB0000195;MJDBOTE0000386","B(i)","C00294",269.0874,1.7169,"pos","M+H, M+Na","C10H12N4O5",80.9,0,-2.57147222483168,"58-63-9",0.00311151729479
"pos_32","Sclareol oxide","metab_1728","HMDB0258180;HMDB0036827","B(ii)","C09183",280.2631,6.6456,"pos","M+H, M+NH4, M+H-H2O","C18H30O",0,36.6,-1.60194543402646,"515-03-7",0.00240359037865
"pos_330","(3R)-3-Hydroxy-N-[(3S)-2-oxooxolan-3-yl]butanamide","metab_1740","HMDB0243607","B(ii)","-",220.1175,2.7239,"pos","M+H-H2O, M+CH3OH+H","C8H13NO4",0,35.6,-2.58645079157778,"-",0.0104996295505
"pos_337","Indoleacrylic acid","metab_1747","HMDB0000734","B(ii)","-",205.0966,2.9962,"pos","M+H, M+NH4","C11H9NO2",0,43.8,-2.84084548979479,"29953-71-7",0.0112779236958
"pos_342","4-Chloro-L-phenylalanine","metab_1752","HMDB0244605","B(ii)","-",399.0864,3.0195,"pos","M+H-H2O, 2M+H","C9H10ClNO2",0,50,-1.96397854793861,"-",0.00465992749351
"pos_35","Dodemorph","metab_1760","-","B(i)","C18786",563.55,6.7774,"pos","M+ACN+H, 2M+H, M+NH4","C18H35NO",87.1,0,-1.71786306039048,"1593-77-7",0.0145930585348
"pos_354","Xi-4-Hydroxy-4-methyl-2-cyclohexen-1-one","metab_1765","HMDB0033629","B(ii)","-",144.1017,0.0214,"pos","M+NH4","C7H10O2",0,32.7,-1.8733006919043,"-",0.0184520075874
"pos_359","3-Amino-2-methoxynonadec-5-en-4-ol","metab_1770","HMDB0257752","B(ii)","-",310.3096,0.0343,"pos","M+H-H2O","C20H41NO2",0,61.3,-2.51183954893883,"-",0.0535316602861
"pos_36","Geranylcitronellol","metab_1771","HMDB0032147","B(ii)","-",310.3098,6.9323,"pos","M+H, M+NH4, M+H-H2O","C20H36O",0,47,-2.23005849748747,"36237-66-8",0.0052909902001
"pos_364","Proline betaine","metab_1776","HMDB0004827","B(ii)","C10172",144.1017,0.1514,"pos","M+H","C7H13NO2",0,32,-1.61498092320733,"471-87-4",0.0296358988638
"pos_373","Vigabatrin","metab_1786","HMDB0015212","B(ii)","C07500",94.0655,0.2142,"pos","M+H-2H2O","C6H11NO2",0,48.1,2.68590054580485,"60643-86-9",0.0474868103849
"pos_38","Alpha-Campholonic acid","metab_1793","HMDB0301822","B(ii)","-",185.1166,7.2349,"pos","M+H-2H2O, M+H-H2O, M+H","C10H16O3",0,50.2,-3.34197887789777,"-",0.00972363224275
"pos_386","4-Propylphenol","metab_1800","HMDB0032625","B(ii)","C14311",119.0857,0.3908,"pos","M+H-H2O","C9H12O",0,40.2,0.960585210562802,"645-56-7",0.0121982021808
"pos_39","4-Hydroxynonenal","metab_1804","LMFA06000051;HMDB0004362;HMDB0245269","B(ii)","C21642",139.1116,7.2349,"pos","M+H-H2O, M+H, M+H-2H2O","C9H16O2",0,48.1,-1.13176097887397,"75899-68-2",0.0179357496412
"pos_402","Histamine","metab_1819","HMDB0000870;PW_C000693;MJDBOTE0000422","B(i)","C00388",112.0871,0.4702,"pos","M+H","C5H9N3",89.6,0,1.69560358339723,"51-45-6",0.0189065835027
"pos_403","1-Methylhistamine","metab_1820","HMDB0000898;PW_C000717","B(i)","C05127",126.1026,0.4702,"pos","M+H","C6H11N3",75.4,0,0.169272113867432,"501-75-7",0.00507223633472
"pos_41","PS(22:6(4Z,7Z,10Z,13Z,16Z,19Z)/19:0)","metab_1827","HMDB0256888;LMGP03010833","B(ii)","-",850.5524,7.608,"pos","M+H, M+Na, M+","C47H80NO10P",0,39.9,-8.13370694325328,"-",0.0277800951633
"pos_42","CL(16:0/18:2(9Z,11Z)/18:2(9Z,11Z)/24:0)","metab_1838","HMDB0238890","B(ii)","-",768.5506,7.608,"pos","M+2H, M+H+Na, M+2Na","C85H158O17P2",0,35.2,4.85348055307349,"-",0.0161426188265
"pos_420","Ornithine","metab_1839","PW_C000140;HMDB0000214;HMDB0003374;MJDBOTE0000357","B(i)","C01602;C00515;C00077",133.0971,0.4893,"pos","M+H","C5H12N2O2",54.7,0,-0.667491336619689,"70-26-8;348-66-3;3184-13-2",0.00797424708682
"pos_428","N-carbamoylglycine","metab_1847","HMDB0304424","B(ii)","-",259.0637,0.505,"pos","2M+Na","C3H6N2O3",0,47.6,-5.29416540798561,"-",0.00771027888912
"pos_450","N1-Acetylspermidine","metab_1871","HMDB0001276","B(i)","C00612",188.1754,0.5128,"pos","M+H","C9H21N3O",72.3,0,-1.67779269826609,"14278-49-0",0.0068744220442
"pos_481","3-Nitropropanol","metab_1903","HMDB0245951","B(ii)","-",150.0135,0.5441,"pos","M+2Na-H","C3H7NO3",0,32.5,-2.00647779671313,"-",0.00963517197409
"pos_482","Glycyl-glycine","metab_1904","HMDB0011733","B(ii)","C02037",177.0243,0.5441,"pos","M+2Na-H","C4H8N2O3",0,67.9,-2.7007423754594,"556-50-3",0.0114680938405
"pos_485","Asparagine-betaxanthin","metab_1907","HMDB0304648","B(ii)","-",348.0788,0.5441,"pos","M+Na","C13H15N3O7",0,51.6,-4.4562160876531,"-",0.00984918547411
"pos_497","L-Glutamine","metab_1919","HMDB0000641;HMDB0003423;PW_C000500;MJDBOTE0000775","B(ii)","C00064",191.0399,0.5598,"pos","M+2Na-H","C5H10N2O3",0,59.8,-2.82759512769389,"5959-95-5;56-85-9",0.00166310092313
"pos_50","(+/-)-(Z)-2-(5-Tetradecenyl)cyclobutanone","metab_1923","HMDB0037543","B(ii)","-",282.2786,6.7618,"pos","M+H, M+NH4, M+H-H2O","C18H32O",0,85.8,-2.23297929526083,"173074-85-6",0.00422796655665
"pos_518","Lucerastat","metab_1943","HMDB0254192","B(ii)","-",258.1095,0.5832,"pos","M+K","C10H21NO4",0,30.3,-3.15845365734733,"-",0.00304301467143
"pos_52","Cis-Quinceoxepane","metab_1945","HMDB0038108","B(ii)","-",198.1849,6.7541,"pos","M+H, M+NH4, M+H-H2O","C12H20O",0,53.4,-2.01348167591054,"133005-51-3",0.00367234103855
"pos_520","N,N-Dimethylarginine","metab_1946","HMDB0001539","B(i)","C03626",203.1498,0.591,"pos","M+H","C8H18N4O2",33.3,0,-2.14807919562047,"30315-93-6",0.00799340291131
"pos_524","Pentanamide","metab_1950","LMFA08010002;HMDB0256275","B(i)","C01842",134.1174,0.6066,"pos","M+CH3OH+H","C5H11NO",47.8,0,-1.21656371407617,"626-97-1",0.00372792690504
"pos_53","2-Cyclohexylidenecyclohexanone","metab_1955","HMDB0245090","B(ii)","-",196.1692,6.6456,"pos","M+H-H2O, M+NH4, M+H","C12H18O",0,60.4,-1.97971747167543,"-",0.0114391989544
"pos_530","Emtricitabine","metab_1956","PW_C009332;HMDB0251822;HMDB0015017","B(ii)","C12599",247.0419,0.6301,"pos","M+","C8H10FN3O3S",0,59.8,-3.37210653374574,"143491-57-0",0.00449006074689
"pos_531","Cytosine","metab_1957","HMDB0000630;MJDBOTE0000458","B(i)","C00380",112.0507,0.6379,"pos","M+H","C4H5N3O",80.1,0,1.56304594405058,"71-30-7",0.042181606901
"pos_537","2-Amino-2-methyl-1-propanol","metab_1963","HMDB0244974","B(ii)","-",72.0814,0.6457,"pos","M+H-H2O","C4H11NO",0,60.8,6.64944907162367,"-",0.0108843284935
"pos_538","L-Valine","metab_1964","HMDB0000883;PW_C000704;MJDBOTE0000526","B(i)","C00183",118.0864,0.6457,"pos","M+H","C5H11NO2",84.1,0,0.929124621566029,"72-18-4",0.014723437525
"pos_544","Fructose lactate","metab_1971","HMDB0252491","B(ii)","-",291.0693,0.6691,"pos","M+Na","C9H16O9",0,31.4,2.2333175348554,"-",0.0212938476056
"pos_55","Humulenol II","metab_1977","HMDB0038212","B(ii)","-",238.2161,6.6379,"pos","M+H, M+NH4, M+H-H2O","C15H24O",0,32.9,-2.16964428895044,"19888-00-7",0.0421222481745
"pos_56","Alpha-Ionone","metab_1988","HMDB0059883","B(ii)","C12286",210.1848,6.6379,"pos","M+H-H2O, M+NH4, M+H","C13H20O",0,57.2,-2.13169807557043,"127-41-3",0.00517862300063
"pos_566","4-Oxo-2-azetidinecarboxylic acid","metab_1995","HMDB0246560","B(ii)","-",133.0607,0.8311,"pos","M+NH4","C4H5NO3",0,31.8,-0.382637362173736,"-",0.0324505867753
"pos_572","3-Aminopyrazin-2-ol","metab_2002","HMDB0245823","B(ii)","-",112.0507,0.8766,"pos","M+H","C4H5N3O",0,36.8,1.6104241424192,"-",0.00806164712442
"pos_584","N-Acetyl-L-aspartic acid","metab_2015","PW_C000649;HMDB0000812","B(ii)","C01042",176.055,0.9756,"pos","M+H","C6H9NO5",0,44.3,-1.94734479254134,"997-55-7",0.0317695628491
"pos_586","Niacinamide","metab_2017","HMDB0001406;PW_C001086","B(i)","C00153",123.0553,1.0039,"pos","M+H","C6H6N2O",68.5,0,0.0912802534884751,"98-92-0",0.00193296578489
"pos_60","N-[(3s)-2-Oxotetrahydrofuran-3-Yl]butanamide","metab_2033","HMDB0247190","B(ii)","-",204.1226,0.6457,"pos","M+NH4, M+CH3OH+H, M+H","C8H13NO3",0,32.2,-2.35455822650137,"-",0.0102801473805
"pos_600","(R)-1-Methylpiperidine-2-carboxylic acid","metab_2034","HMDB0242107","B(ii)","-",144.1017,1.1217,"pos","M+H","C7H13NO2",0,37.9,-1.7265534848179,"-",0.0163798240428
"pos_602","4-Mercapto-ethyl-pyridine","metab_2036","HMDB0246484","B(ii)","-",81.5212,1.1403,"pos","M+H+Na","C7H9NS",0,41.5,1.72650825248224,"-",0.0565698280547
"pos_604","2-(7'-methylthio)heptylmalate","metab_2038","HMDB0304054","B(ii)","C17230",276.1006,1.1657,"pos","M+","C12H20O5S-2",0,68.9,-9.20970734040228,"-",0.0131837996732
"pos_618","2-Methylbenzoic acid","metab_2053","HMDB0002340","B(ii)","C07215",119.0492,1.3478,"pos","M+H-H2O","C8H8O2",0,51.9,0.558317926801954,"118-90-1",0.0085132520598
"pos_62","L-Aspartic Acid","metab_2055","PW_C000123;HMDB0000191","B(i)","C00049",134.0447,0.5676,"pos","M+H, M+2Na-H, M+Na","C4H7NO4",71,0,-0.97138209308903,"56-84-8",0.0060089991002
"pos_625","Creatinine bicarbonate","metab_2061","HMDB0250527","B(ii)","-",156.04,1.4285,"pos","M+H-H2O","C5H7N3O4",0,30.8,-1.95901665641535,"-",0.0132252184397
"pos_626","Cytosine-5-carboxylic acid","metab_2062","HMDB0246202","B(ii)","-",188.0662,1.4335,"pos","M+CH3OH+H","C5H5N3O3",0,57.9,-2.71263803618715,"-",0.0330789301962
"pos_63","L-Threonine","metab_2066","HMDB0000167;PW_C000109;MJDBOTE0000464","B(i)","C00188",120.0656,0.5676,"pos","M+H, M+2Na-H, M+Na","C4H9NO3",77.7,0,0.955269105691234,"72-19-5",0.00436257786227
"pos_648","Adenosine","metab_2086","PW_C000034;HMDB0000050;HMDB0247583;MJDBOTE0000767","B(i)","C00212",268.1034,1.6763,"pos","M+H","C10H13N5O4",73.2,0,-2.43799771277876,"58-61-7",0.0134855686061
"pos_651","1-[(2R,5R)-4-Azidooxy-5-(hydroxymethyl)oxolan-2-yl]-5-methylpyrimidine-2,4-dione","metab_2090","HMDB0257735","B(ii)","-",284.0982,1.6927,"pos","M+H","C10H13N5O5",0,31.4,-2.50470733695133,"-",0.0044673661533
"pos_653","9H-Purine-9-ol","metab_2092","HMDB0247704","B(ii)","-",137.0456,1.7169,"pos","M+H","C5H4N4O",0,43.8,-1.24595783658377,"-",0.00524274924668
"pos_654","Ile Gly","metab_2093","-","B(i)","-",189.1229,1.7169,"pos","M+H","C8H16N2O3",60.8,0,-2.28916112868446,"-",0.0115427971813
"pos_67","2,3-Dimethyl-2-cyclohexen-1-one","metab_2110","HMDB0031414","B(ii)","-",249.1843,0.3033,"pos","M+H, 2M+H","C8H12O",0,38.5,-2.55130381836855,"1122-20-9",0.0105978990377
"pos_696","N-Acetyl-D-tryptophan","metab_2138","HMDB0255052","B(ii)","C03137",269.0874,2.4626,"pos","M+Na","C13H14N2O3",0,31.8,-9.39491693689303,"2280-01-5",0.00725876080533
"pos_715","Etiracetam","metab_2160","HMDB0015333;HMDB0252105","B(ii)","C07841",203.1385,2.6606,"pos","M+CH3OH+H","C8H14N2O2",0,45.9,-3.06221032519967,"102767-28-2",0.0551379748893
"pos_721","Imidazolone A","metab_2167","HMDB0253421","B(ii)","-",360.1894,2.7239,"pos","M+ACN+H","C12H22N4O6",0,36.7,5.17710885380817,"-",0.00190512326658
"pos_729","XI-Dihydro-2-methyl-3(2H)-thiophenone","metab_2175","HMDB0038556","B(ii)","-",134.0632,2.827,"pos","M+NH4","C5H8OS",0,49.1,-1.95132596102592,"-",0.00972394381732
"pos_734","Pentaethylene glycol","metab_2181","HMDB0256256","B(i)","-",239.1482,2.8866,"pos","M+H","C10H22O6",47.3,0,-2.82680066181346,"-",0.0260265100448
"pos_750","9-Carboxymethoxymethylguanine","metab_2197","HMDB0060805","B(ii)","-",204.0494,3.0502,"pos","M+H-2H2O","C8H9N5O4",0,41,-9.3057237289925,"-",0.00998901591778
"pos_758","4-Hydroxyquinoline","metab_2205","HMDB0246466","B(i)","C06343",146.0598,3.2471,"pos","M+H","C9H7NO",89.5,0,-1.81275890408647,"611-36-9",0.0199120132699
"pos_765","Caffeine","metab_2212","PW_C001222;HMDB0001847","B(i)","C07481",195.0873,3.4988,"pos","M+H","C8H10N4O2",74.8,0,-1.71496304783466,"58-08-2",0.0332019787781
"pos_771","3-Cyclopentylpropionic acid","metab_2219","HMDB0245846","B(ii)","-",160.1329,3.6184,"pos","M+NH4","C8H14O2",0,36.5,-2.07946369801106,"-",0.00891882337261
"pos_775","Trans-4-Aminocyclohexanecarboxylic acid","metab_2223","HMDB0246355","B(ii)","-",144.1017,3.7025,"pos","M+H","C7H13NO2",0,41.3,-1.75061798469582,"-",0.0287356531838
"pos_778","DL-p-Chlorophenylalanine methyl ester hydrochloride","metab_2226","-","B(i)","-",214.0624,3.7992,"pos","M+H","C10H12ClNO2",90.7,0,-2.59035251433266,"-",0.0364084742491
"pos_779","Xanthotoxol","metab_2227","HMDB0029457","B(ii)","C00841",167.0125,3.8094,"pos","M+H-2H2O","C11H6O4",0,39.3,-1.35829187962882,"2009-24-7",0.0175470732856
"pos_80","Pipecolic Acid","metab_2250","HMDB0000070;HMDB0000716;MJDBOTE0000664","B(i)","C00408",147.1126,0.4815,"pos","M+H, M+NH4","C6H11NO2",52.6,0,-1.64443838574868,"535-75-1;3105-95-1",0.00251909730315
"pos_810","2-Amino-3-cyclohexylpropanoic acid","metab_2262","HMDB0244979","B(ii)","-",194.1151,4.5277,"pos","M+Na","C9H17NO2",0,39.9,-0.348105548530792,"-",0.0400748509504
"pos_814","1-Aminocyclohexanecarboxylic acid","metab_2266","HMDB0038249;HMDB0243822","B(i)","-",144.1017,4.5986,"pos","M+H","C7H13NO2",34.7,0,-1.40701171911918,"2756-56-1",0.0272352565158
"pos_830","Geranic acid","metab_2283","HMDB0036103;HMDB0304369;LMFA01030784","B(ii)","C16461",186.1484,4.95,"pos","M+NH4","C10H16O2",0,44.5,-2.51394826359404,"459-80-3",0.0551232862771
"pos_831","Ser Val Gln Leu Leu","metab_2284","-","B(i)","-",559.3439,4.95,"pos","M+H","C25H46N6O8",65.6,0,-1.96631837297286,"-",0.00778646747068
"pos_853","(11S,12S,13S)-Epoxy-hydroxyoctadeca-cis-9-cis-15-dien-1-oic acid","metab_2308","HMDB0302825","B(ii)","-",333.2008,5.5047,"pos","M+Na","C18H30O4",0,70.2,-9.16568095975582,"-",0.0265660591932
"pos_854","Ethyl 3-hydroxydodecanoate","metab_2309","HMDB0059850","B(ii)","-",262.237,5.5136,"pos","M+NH4","C14H28O3",0,53.8,-2.69460174307557,"-",0.0330083709331
"pos_859","2-(4-Chlorophenoxy)propionic acid","metab_2313","HMDB0244931","B(ii)","C13701",242.0572,5.6202,"pos","M+ACN+H","C9H9ClO3",0,37.4,-3.41820400845459,"3307-39-9",0.00548467916272
"pos_868","Indolophenanthridine","metab_2322","HMDB0253475","B(ii)","-",292.1801,5.8361,"pos","M+NH4","C19H18N2",0,50.1,-2.60380343180806,"-",0.00866118081212
"pos_873","Levetiracetam","metab_2328","HMDB0015333;HMDB0252105","B(ii)","C07841",341.2215,5.9111,"pos","2M+H","C8H14N2O2",0,41,9.3308427365106,"102767-28-2",0.00658071376196
"pos_874","12(S)-HETrE","metab_2329","HMDB0062747","B(ii)","-",345.2373,5.9111,"pos","M+Na","C20H34O3",0,59.9,-8.41939587554838,"-",0.00497140736028
"pos_882","Pentamidine","metab_2338","HMDB0014876;MJDBOTE0001531","B(ii)","C07420",358.2269,5.9788,"pos","M+NH4","C19H24N4O2",0,68.7,9.1316062002897,"100-33-4",0.0162471596142
"pos_883","RHODAMINE 6G","metab_2339","HMDB0257199","B(ii)","C11177",443.232,5.9788,"pos","M+H","C28H30N2O3",0,55.7,-2.05338145994725,"989-38-8",0.0306917502495
"pos_884","4-Methyl-1H-Benzotriazole","metab_2340","-","B(i)","-",134.0711,5.9929,"pos","M+H","C7H7N3",91.5,0,-1.26951669958837,"-",0.0134880583763
"pos_885","N6-Methyl-2'-deoxyadenosine","metab_2341","HMDB0255300","B(ii)","C03795",283.1506,5.9929,"pos","M+NH4","C11H15N5O3",0,39.8,-2.65959874608563,"2002-35-9",0.0106193749517
"pos_886","Icariside B8","metab_2342","HMDB0036846","B(ii)","-",421.2396,5.9929,"pos","M+CH3OH+H","C19H32O8",0,63.6,-9.32222117031029,"126176-78-1",0.00590379287314
"pos_888","Pentadecanoic acid","metab_2344","LMFA01010015;HMDB0000826","B(ii)","C16537",260.2578,6.0084,"pos","M+NH4","C15H30O2",0,70,-2.60843563687688,"1002-84-2",0.0418120138376
"pos_892","Palmitic acid","metab_2348","HMDB0303203;LMFA01010001;HMDB0000220;PW_C000145","B(ii)","C00249",274.2734,6.0395,"pos","M+NH4","C16H32O2",0,52,-2.58468601637724,"57-10-3",0.00382242989764
"pos_895","Lauramine Oxide","metab_2351","-","B(i)","-",230.2474,6.0548,"pos","M+H","C14H31NO",90.5,0,-2.12388202776986,"-",0.0191933810551
"pos_899","2-Methylhexadecanoic acid","metab_2355","HMDB0245229","B(ii)","-",288.289,6.0626,"pos","M+NH4","C17H34O2",0,58,-2.46834184317404,"-",0.0076117430477
"pos_9","Dioctyl succinate","metab_2356","-","B(i)","-",427.3774,7.2425,"pos","M+H, 2M+NH4, 2M+Na, M+NH4","C26H50O4",44.4,0,-1.74345488876111,"-",0.0106892079798
"pos_902","4-Butylmorpholine","metab_2360","-","B(i)","-",144.1381,6.0858,"pos","M+H","C8H17NO",40.8,0,-1.63843223216784,"-",0.00776976118545
"pos_907","Polyoxyethylene 40 monostearate","metab_2363","HMDB0032477","B(ii)","-",346.3309,6.0936,"pos","M+NH4","C20H40O3",0,53.1,-2.19110977504234,"9004-99-3",0.00794146601873
"pos_908","Cimifugin","metab_2364","HMDB0250254","B(ii)","C09000",676.2326,6.0936,"pos","2M+ACN+Na","C16H18O6",0,63.8,-6.30757117592455,"37921-38-3",0.0720822807202
"pos_911","Sphinganine","metab_2368","HMDB0242634;HMDB0000269;LMSP01020001;PW_C000184","B(i)","C00836",302.3047,6.1091,"pos","M+H","C18H39NO2",84,0,-2.20997138111972,"764-22-7",0.00221885438729
"pos_918","Dopamine","metab_2374","HMDB0000073;PW_C000052;MJDBSJD0000070","B(i)","C03758",118.0652,6.1324,"pos","M+H-2H2O","C8H11NO2",45.2,0,0.660863343281265,"62-31-7;51-61-6",0.00537234477389
"pos_920","Beta-Ionone","metab_2377","HMDB0036565","B(i)","C12287",193.1583,6.1324,"pos","M+H","C13H20O",50.8,0,-1.87267236250865,"79-77-6",0.0328429050829
"pos_922","Aciclovir","metab_2379","HMDB0014925","B(ii)","C06810",267.1221,6.1324,"pos","M+ACN+H","C8H11N5O3",0,38.8,9.05141335731973,"59277-89-3",0.00534986119484
"pos_936","Sphingosine","metab_2394","HMDB0000252;LMSP01010001;PW_C000172","B(i)","C00319",300.2891,6.1635,"pos","M+H","C18H37NO2",80.7,0,-2.18601687702718,"123-78-4",0.00973791355663
"pos_937","Menthol","metab_2395","HMDB0035765;HMDB0003352","B(ii)","C00400",330.3359,6.1635,"pos","2M+NH4","C10H20O",0,36.9,-2.34904583273706,"2216-51-5;1490-04-6",0.00473651028438
"pos_946","Pyrodone","metab_2401","HMDB0256988","B(ii)","C18795",339.2058,6.1946,"pos","M+ACN+Na","C17H25NO2",0,48.9,5.53450272175191,"-",0.0184208742633
"pos_948","M-Xylene","metab_2403","HMDB0059810","B(i)","C07208",107.0858,6.2024,"pos","M+H","C8H10",93.2,0,2.15929411066071,"108-38-3",0.0141718095767
"pos_949","4a-Carbinolamine tetrahydrobiopterin","metab_2404","HMDB0002215","B(ii)","C00268",281.1378,6.2024,"pos","M+ACN+H","C9H13N5O3",0,51.8,8.92007021476586,"79647-29-3",0.0172923428453
"pos_964","3,7-Dimethyl-1,6-octadien-3-ol","metab_2419","HMDB0036100","B(ii)","C03985",172.1692,6.2569,"pos","M+NH4","C10H18O",0,45.8,-2.31398323289986,"78-70-6",0.000360348479503
"pos_968","3b-Hydroxy-5-cholenoic acid","metab_2423","HMDB0000308","B(ii)","-",397.2689,6.2724,"pos","M+Na","C24H38O3",0,69.2,-6.55739730192011,"5255-17-4",0.0298115292848
"pos_989","Gamma-Linolenic Acid","metab_2444","HMDB0003073;PW_C001772;LMFA01030141;MJDBOTE0001062","B(i)","C06426",296.2577,6.389,"pos","M+NH4","C18H30O2",75.6,0,-2.41038865396258,"506-26-3",0.00609425874004
"pos_990","Butyryl trihexyl citrate","metab_2446","HMDB0247498","B(ii)","-",532.3834,6.389,"pos","M+NH4","C28H50O8",0,50.7,-1.87612775112529,"-",0.0363183302937
"pos_991","PC(16:0/15:0)","metab_2447","LMGP01010562;PW_C004017;HMDB0007967","B(ii)","C00157",720.5521,6.389,"pos","M+H","C39H78NO8P",0,60.5,-2.39017685979904,"-",0.0222151237414
"neg_1095","Saclofen","metab_2561","HMDB0257438","B(ii)","-",294.0205,3.0598,"neg","M+FA-H","C9H12ClNO3S",0,45.2,-1.55738613202724,"-",0.00658605788712
"neg_1101","N-Acetyl-DL-Methionine","metab_2569","MJDBOTE0000625","B(i)","-",190.0536,3.1483,"neg","M-H","C7H13NO3S",44.7,0,-3.95648364634419,"-",0.0183847549081
"neg_1122","P-Acetaminobenzoic acid","metab_2592","-","B(i)","-",178.05,3.5634,"neg","M-H","C9H9NO3",43,0,-5.43039048125983,"-",0.0113912587248
"neg_1131","5-Hydroxyindoleacetate","metab_2601","HMDB0000763","B(i)","C05635",172.0394,3.7909,"neg","M-H2O-H","C10H9NO3",71,0,-5.15494842039239,"54-16-0",0.0327282003508
"neg_1156","Furanodienone","metab_2628","HMDB0036768","B(ii)","C16960",211.1129,4.6699,"neg","M-H2O-H","C15H18O2",0,30.4,0.338193318542896,"24268-41-5",0.0105345761145
"neg_1160","Suberic Acid","metab_2633","HMDB0000893;LMFA01170001;MJDBOTE0000630","B(i)","C08278",173.081,4.8503,"neg","M-H","C8H14O4",54.2,0,-5.56434213113022,"505-48-6",0.0038918039687
"neg_1163","Tezampanel","metab_2636","HMDB0258944","B(ii)","-",557.3312,4.9345,"neg","2M-H","C13H21N5O2",0,51.6,-1.05950558218872,"-",0.0303553590605
"neg_1212","7-Epi-12-hydroxyjasmonic acid","metab_2691","HMDB0303749","B(ii)","-",225.1127,5.954,"neg","M-H","C12H18O4",0,59.7,-2.49937738008878,"-",0.00653976756649
"neg_1216","Decanedioic acid","metab_2695","LMFA01170006;HMDB0000792","B(i)","C08277",201.1124,5.9846,"neg","M-H","C10H18O4",57.3,0,-3.87816221278719,"111-20-6",0.0113410041041
"neg_1217","2-Mercaptobenzothiazole","metab_2696","HMDB0030524","B(i)","C14437",165.978,5.9926,"neg","M-H","C7H5NS2",85.3,0,-6.15921839596621,"149-30-4",0.0053135586733
"neg_1238","Biotin sulfoxide","metab_2719","HMDB0249229","B(ii)","C20386",305.0817,6.071,"neg","M+FA-H","C10H16N2O4S",0,58.5,1.720795124905,"-",0.0178343061874
"neg_1267","2,3-dinor Prostaglandin E1","metab_2747","-","B(i)","-",325.2021,6.1505,"neg","M-H","C18H30O5",63.1,0,0.210601687843922,"-",0.0194121768566
"neg_1280","16-alpha-Hydroxyandrosterone","metab_2762","HMDB0013156","B(ii)","C14519",351.2176,6.199,"neg","M+FA-H","C19H30O3",0,71.7,-0.279147164367225,"-",0.0170804878502
"neg_1296","Tetradecanedioic acid","metab_2778","LMFA01170018;HMDB0000872","B(i)","C11002",257.1755,6.247,"neg","M-H","C14H26O4",70.8,0,-1.42532193074012,"821-38-5",0.0163556950589
"neg_1302","Metyrosine","metab_2785","HMDB0014903;HMDB0247174","B(ii)","C07921",194.0813,6.2629,"neg","M-H","C10H13NO3",0,30.3,-4.81356072601063,"672-87-7",0.0295177545416
"neg_1304","LysoPI(18:0/0:0)","metab_2787","HMDB0240261","B(ii)","-",599.3211,6.2629,"neg","M-H","C27H53O12P",0,56.6,1.55107991526384,"327620-46-2",0.0908244212557
"neg_1305","9,10-Dihydroxystearic acid","metab_2788","LMFA02000142;HMDB0302281;HMDB0303981","B(ii)","C08314;C19622",315.2538,6.2716,"neg","M-H","C18H36O4",0,33,-0.947060701122943,"120-87-6",0.0135438808906
"neg_1308","PE-NMe(18:0/20:4(5Z,8Z,11Z,14Z))","metab_2791","HMDB0113098;PW_C059221","B(ii)","C01241",826.5625,6.2716,"neg","M+FA-H","C44H80NO8P",0,87.9,2.75112373777072,"-",0.0367291081264
"neg_1314","Prostaglandin A1","metab_2798","LMFA03010005;HMDB0002656","B(ii)","C04685",335.2226,6.3196,"neg","M-H","C20H32O4",0,83.2,-0.458512005331653,"14152-28-4",0.0183179604128
"neg_1317","LysoPC(17:0/0:0)","metab_2801","HMDB0012108","B(ii)","C04230",508.3411,6.3436,"neg","M-H","C25H52NO7P",0,68,0.452289256694234,"50930-23-9",0.0365430886002
"neg_1320","12-Hydroxydodecanoic acid","metab_2805","HMDB0304547;HMDB0002059","B(ii)","C08317",215.1645,6.3836,"neg","M-H","C12H24O3",0,55.1,-3.36534850211462,"505-95-3",0.00809606775763
"neg_1321","10-HDoHE","metab_2806","HMDB0060037","B(ii)","-",343.2276,6.3836,"neg","M-H","C22H32O3",0,34.8,-0.766388306716517,"-",0.0121653140598
"neg_1340","PE-NMe2(16:1(9Z)/16:0)","metab_2827","HMDB0113965;PW_C059982","B(ii)","C04308",716.5249,6.5196,"neg","M-H","C39H76NO8P",0,85.1,1.90337017076625,"-",0.00291279554471
"neg_1359","4-(3-Hydroxybutyl)-3,3,5-trimethylcyclohexanone","metab_2846","HMDB0039805","B(ii)","-",257.1755,6.6313,"neg","M+FA-H","C13H24O2",0,36,-1.71311202451932,"128660-70-8",0.0236861129047
"neg_1361","Hepoxilin B3","metab_2848","HMDB0004690;LMFA03090003;HMDB0062479","B(i)","C14810",335.2227,6.6313,"neg","M-H","C20H32O4",66.7,0,-0.327479588989227,"-",0.0555745907536
"neg_1380","2-Undecanone","metab_2865","HMDB0033713","B(ii)","C01875",215.1645,6.7263,"neg","M+FA-H","C11H22O",0,40.3,-4.37972717406794,"112-12-9",0.0213650241947
"neg_1393","LysoPC(15:0/0:0)","metab_2876","HMDB0010381;HMDB0010375","B(ii)","C04230",462.2992,6.7421,"neg","M-H2O-H","C23H48NO7P",0,33.5,0.473976469864322,"-",0.0694658025784
"neg_1396","PE(16:0/0:0)","metab_2879","HMDB0011503;LMGP02050002","B(i)","-",452.2784,6.7501,"neg","M-H","C21H44NO7P",97.7,0,0.300083344914557,"53862-35-4",0.038845634574
"neg_1402","LysoPE(18:2(9Z,12Z)/0:0)","metab_2885","HMDB0011507","B(ii)","-",476.2785,6.7661,"neg","M-H","C23H44NO7P",0,73.5,0.397835916906105,"85046-18-0",0.0182566961113
"neg_1404","Dodecylbenzenesulfonic Acid","metab_2887","HMDB0031031;HMDB0059915","B(i)","-",325.184,6.7738,"neg","M-H","C18H30O3S",87.9,0,-0.871607617108291,"-",0.0150790389695
"neg_1422","Heptadecanoyl carnitine","metab_2901","LMFA07070067;HMDB0006210","B(ii)","-",450.2991,6.8532,"neg","M+K-2H","C24H47NO4",0,34.1,0.0017150854705386,"106182-29-0",0.0260129786332
"neg_1433","Dodecyl Hydrogen Sulfate","metab_2911","-","B(i)","-",265.1477,6.9009,"neg","M-H","C12H26O4S",86.3,0,-0.607804824913657,"-",0.00997716070803
"neg_1434","1-Stearoylglycerophosphoglycerol","metab_2912","HMDB0061697","B(ii)","-",511.3046,6.9009,"neg","M-H","C24H49O9P",0,75.6,0.948963130699713,"-",0.082756349127
"neg_1444","PE(20:4(5Z,8Z,11Z,14Z)/22:4(7Z,10Z,13Z,16Z))","metab_2922","HMDB0009405;PW_C005453;LMGP02010960","B(ii)","C00350",796.5224,6.9564,"neg","M-H2O-H","C47H78NO8P",0,46.9,-7.72419475261388,"-",0.0199542832161
"neg_1446","1,2-Dipalmitoyl-sn-Glycero-3-Phosphate","metab_2924","HMDB0244852;HMDB0000674","B(i)","C00416",693.4725,6.9723,"neg","M+FA-H","C35H69O8P",60.4,0,2.04807120123304,"7091-44-3",0.0638491776508
"neg_1451","PA(15:0/22:1(13Z))","metab_2929","HMDB0114825;PW_C062242","B(ii)","C00416",761.5339,6.9961,"neg","M+FA-H","C40H77O8P",0,37.2,0.183770302374413,"-",0.0206343579585
"neg_1453","LysoPE(P-18:0/0:0)","metab_2930","HMDB0240598","B(ii)","-",464.3147,7.0041,"neg","M-H","C23H48NO6P",0,88.6,0.189760391918246,"174062-73-8",0.0683339614561
"neg_1456","PE-NMe(18:0/22:6(4Z,7Z,10Z,13Z,16Z,19Z))","metab_2932","PW_C059230;HMDB0113107","B(ii)","C01241",850.5626,7.02,"neg","M+FA-H","C46H80NO8P",0,91.8,2.83373735673293,"-",0.0430815151621
"neg_1458","Phosphatidylinositol(36:4)","metab_2934","HMDB0009790;HMDB0009860;HMDB0256468;HMDB0009859;HMDB0009899;HMDB0009789;HMDB0009893;HMDB0009840;HMDB0009864;HMDB0009839;HMDB0009850;HMDB0009827;HMDB0009863;HMDB0009828","B(ii)","C00626",857.5208,7.0359,"neg","M-H","C45H79O13P",0,62.8,2.57969994518235,"182509-36-0;88587-97-7",0.023986182695
"neg_1460","Demethylphylloquinone","metab_2936","HMDB0004649","B(ii)","C13309",473.2827,7.0754,"neg","M+K-2H","C30H44O2",0,67,-0.10616178450548,"34625-86-0",0.013866739576
"neg_1462","PI(18:0/20:4(8Z,11Z,14Z,17Z))","metab_2938","HMDB0009816","B(ii)","-",885.5517,7.0754,"neg","M-H","C47H83O13P",0,72.6,2.06644414116062,"-",0.0487640788466
"neg_1468","PG(16:1(9Z)/18:1(12Z)-2OH(9,10))","metab_2942","HMDB0268713","B(ii)","-",759.4892,7.1067,"neg","M-H2O-H","C40H75O12P",0,82.2,9.54997496094346,"-",0.0780547585417
"neg_1519","PC(18:0/18:2(9Z,12Z))","metab_2993","LMGP01010768;PW_C004088;HMDB0008039","B(ii)","C00157",830.5936,7.6449,"neg","M+FA-H","C44H84NO8P",0,97.2,2.42664260505926,"27098-24-4",0.0145157331847
"neg_1520","PE-NMe(18:0/22:4(7Z,10Z,13Z,16Z))","metab_2995","HMDB0113104;PW_C059227","B(ii)","C01241",854.593,7.6449,"neg","M+FA-H","C46H84NO8P",0,95.5,1.60409701529193,"-",0.027984418875
"neg_1534","Proscillaridin","metab_3010","HMDB0256851","B(ii)","C12816",551.2611,7.6689,"neg","M+Na-2H","C30H42O8",0,67.7,-2.90680636426776,"466-06-8",0.0370338624905
"neg_166","D-Mannose 6-Phosphate","metab_3148","HMDB0304312;HMDB0001078","B(i)","C00275",259.0221,0.631,"neg","M-H2O-H, M-H","C6H13O9P",63.9,0,-1.40048312369195,"3672-15-9",0.00928624291732
"neg_1810","LysoPI(0:0/18:0)","metab_3313","HMDB0061704","B(ii)","-",599.3212,7.6849,"neg","M-H","C27H53O12P",0,50.2,1.61862561033603,"1913287-87-2",0.082791124909
"neg_1812","LysoPA(18:0/0:0)","metab_3315","HMDB0007854","B(ii)","-",483.2732,7.6849,"neg","M+FA-H","C21H43O7P",0,79.5,0.848602547638883,"-",0.027505656021
"neg_1821","LysoPC(18:0/0:0)","metab_3322","HMDB0011149;HMDB0010384","B(ii)","C04317;C04230",568.3625,7.6769,"neg","M+FA-H","C26H54NO7P",0,94,0.881142862190407,"74430-89-0;19420-57-6",0.0429077852871
"neg_1823","1-(11Z-eicosenoyl)-glycero-3-phosphate","metab_3324","HMDB0062305;LMGP10050026","B(ii)","-",509.2888,7.6769,"neg","M+FA-H","C23H45O7P",0,60,0.753489302155981,"-",0.0539406360743
"neg_1828","Adenine","metab_3328","PW_C000024;HMDB0000034;MJDBOTE0000759","B(i)","C00147",134.046,7.6769,"neg","M-H","C5H5N5",44.6,0,-8.91586105598885,"73-24-5",0.0103002614555
"neg_1831","1-Linoleoyl-sn-Glycero-3-Phosphocholine","metab_3332","HMDB0010386;LMGP01050137","B(i)","C04100",564.3314,7.6689,"neg","M+FA-H","C26H50NO7P",75.8,0,1.34951359296255,"22252-07-9",0.0139867941191
"neg_1845","PE-NMe(22:6(4Z,7Z,10Z,13Z,16Z,19Z)/18:0)","metab_3345","PW_C059813;HMDB0113678","B(ii)","C01241",850.5627,7.6529,"neg","M+FA-H","C46H80NO8P",0,86.9,2.86395964956076,"-",0.0303093907329
"neg_1846","PS(15:0/22:2(13Z,16Z))","metab_3346","PW_C060734;LMGP03010158;HMDB0116749","B(ii)","C02737",800.547,7.6529,"neg","M-H","C43H80NO10P",0,67.9,2.88972344434423,"-",0.0331793413611
"neg_1847","PE(15:0/20:1(11Z))","metab_3347","LMGP02010464;PW_C004948;HMDB0008900","B(ii)","C00350",776.5466,7.6529,"neg","M+FA-H","C40H78NO8P",0,81.9,2.63633452669582,"-",0.0442076944174
"neg_1849","PE-NMe2(16:0/16:1(9Z))","metab_3349","HMDB0113850;PW_C057656","B(ii)","C04308",716.5249,7.6529,"neg","M-H","C39H76NO8P",0,81.2,1.78049005065474,"-",0.0236867143981
"neg_1853","PE-NMe2(15:0/22:4(7Z,10Z,13Z,16Z))","metab_3354","HMDB0113934;PW_C059950","B(ii)","C04308",826.5625,7.6449,"neg","M+FA-H","C44H80NO8P",0,88,2.72422247051156,"-",0.0720315132315
"neg_1882","Gamithromycin","metab_3382","HMDB0252606","B(ii)","-",813.4922,7.5358,"neg","M+K-2H","C40H76N2O12",0,74.6,4.81684829375942,"-",0.0329044312627
"neg_1883","N-[1'-(Aminocarbonyl)-2',2'-dimethylpropyl]-1-(cyclohexylmethyl)-1h-indazole-3-carboxamide","metab_3383","HMDB0255030","B(ii)","-",407.1874,7.5278,"neg","M+K-2H","C21H30N4O2",0,72.6,5.09385352002285,"-",0.234914755571
"neg_1887","Glaucine","metab_3387","HMDB0252738","B(ii)","C09446",400.1799,7.4964,"neg","M+FA-H","C21H25NO4",0,41.4,9.39107637080916,"475-81-0",0.02533744
"neg_1893","(S)-Isocorydine","metab_3394","HMDB0030184","B(ii)","C09549",386.1641,7.4679,"neg","M+FA-H","C20H23NO4",0,36.8,9.4803082940499,"475-67-2",0.00307650328235
"neg_1928","Epiafzelechin Trimethyl Ether","metab_3427","-","B(i)","-",297.1163,7.0754,"neg","M-H2O-H","C18H20O5",46,0,9.57326318378743,"-",0.0280380665597
"neg_1929","PE(18:0/20:3(8Z,11Z,14Z))","metab_3428","PW_C005050;HMDB0009002;LMGP02011202","B(ii)","C00350",790.5404,7.0595,"neg","M+Na-2H","C43H80NO8P",0,47.5,4.67257030089496,"-",0.0923561170537
"neg_1934","PE(20:3(8Z,11Z,14Z)/16:0)","metab_3434","PW_C005400;LMGP02010908;HMDB0009352","B(ii)","C00350",722.5137,7.012,"neg","M-H2O-H","C41H76NO8P",0,51.1,0.870385530703307,"-",0.0454763438637
"neg_1943","PE(18:2(9Z,12Z)/16:0)","metab_3443","PW_C005136;HMDB0009088;LMGP02011194","B(ii)","C00350",714.5095,6.9723,"neg","M-H","C39H74NO8P",0,84.5,2.173956966143,"-",0.0317544693573
"neg_1944","LysoPG(18:1(9Z)/0:0)","metab_3444","HMDB0240602","B(ii)","-",509.2888,6.9723,"neg","M-H","C24H47O9P",0,86.8,0.594761412670988,"-",0.0268103115913
"neg_1945","Phthalic Acid","metab_3445","HMDB0002107;MJDBOTE0000627","B(i)","C01606",165.0183,6.9644,"neg","M-H","C8H6O4",68.3,0,-6.37050877647666,"88-99-3",0.0592343506323
"neg_1946","PG(22:6(4Z,7Z,10Z,13Z,16Z,19Z)/18:2(9Z,12Z))","metab_3446","LMGP04010829;HMDB0116600;PW_C063054","B(ii)","C00344",817.5048,6.9564,"neg","M-H","C46H75O10P",0,78.1,2.81221541309712,"-",0.0291042425712
"neg_1949","LysoPG(16:0/0:0)","metab_3449","HMDB0240601","B(ii)","-",483.2731,6.9485,"neg","M-H","C22H45O9P",0,93.9,0.518527484029647,"116870-26-9",0.0547820702807
"neg_1954","PA(18:0/18:3(6Z,9Z,12Z))","metab_3454","PW_C062296;LMGP10010313;HMDB0114878","B(ii)","C00416",743.4886,6.9247,"neg","M+FA-H","C39H71O8P",0,69.3,2.5607936949087,"-",0.0793688721184
"neg_1964","PE(P-18:0/18:2)","metab_3462","LMGP02030046","B(i)","-",726.546,6.8771,"neg","M-H","C41H78NO7P",57.7,0,2.35474722031887,"-",0.0132456375026
"neg_1965","PE(18:0/0:0)","metab_3463","LMGP02050001","B(i)","-",480.3098,6.8771,"neg","M-H","C23H48NO7P",94.9,0,0.571280556335147,"-",0.0371985180793
"neg_1969","Roxithromycin","metab_3466","PW_C009245;HMDB0014916","B(ii)","C13173",881.5208,6.8532,"neg","M+FA-H","C41H76N2O15",0,46.9,-2.39477913446734,"80214-83-1",0.0208014311436
"neg_1980","Adrenic Acid","metab_3473","HMDB0002226;LMFA01030178;LMFA04000050;PW_C001506","B(i)","C16527",331.2641,6.8293,"neg","M-H","C22H36O2",41.7,0,-0.588580863090531,"28874-58-0",0.0682293876103
"neg_1990","Docosahexaenoic Acid","metab_3483","LMFA01030185;LMFA01031176;PW_C001472;HMDB0002183;MJDBOTE0001119","B(i)","C06429",373.2381,6.7818,"neg","M+FA-H","C22H32O2",54.6,0,-0.88810488699558,"6217-54-5",0.0426220025571
"neg_1992","PE(P-16:0/18:1)","metab_3485","HMDB0011342;LMGP02030095","B(i)","-",700.5299,6.7738,"neg","M-H","C39H76NO7P",73.1,0,1.79115939326616,"65289-02-3",0.253831756926
"neg_1998","PE(18:1(9Z)/0:0)","metab_3491","LMGP02050004","B(i)","-",478.2941,6.7661,"neg","M-H","C23H46NO7P",96,0,0.484394304859583,"-",0.0259576489458
"neg_2006","9,10-Dihome","metab_3500","LMFA02000229;HMDB0004704","B(i)","C14828",313.2382,6.758,"neg","M-H","C18H34O4",91.4,0,-0.60155261333823,"125356-86-7",0.0230552944865
"neg_2012","PE(22:6/0:0)","metab_3506","-","B(i)","-",524.2793,6.7501,"neg","M-H","C27H44NO7P",69.5,0,1.94883679085241,"-",0.0252130818565
"neg_2014","2-Hydroxymyristic Acid","metab_3508","LMFA01050484;HMDB0002261","B(i)","-",243.1961,6.7501,"neg","M-H","C14H28O3",72.7,0,-2.07763506283107,"2507-55-3",0.0352563791827
"neg_2017","Glycocholic acid","metab_3511","HMDB0000331;LMST05030001;PW_C000089;HMDB0000138","B(ii)","C01921",500.2786,6.7421,"neg","M+Cl","C26H43NO6",0,69.9,0.339066420309797,"68753-51-5;475-31-0",0.0206762884329
"neg_2018","PE(16:1/0:0)","metab_3512","-","B(i)","-",450.2628,6.7421,"neg","M-H","C21H42NO7P",97.7,0,0.353219225830898,"-",0.0450837837175
"neg_2020","2-Hydroxy-6-pentadecylbenzoic acid","metab_3515","LMPK15040002;HMDB0029683","B(ii)","C10759",347.2589,6.7421,"neg","M-H","C22H36O3",0,41.7,-0.713094845958474,"16611-84-0",0.0485182032679
"neg_2022","12-HETE","metab_3517","HMDB0062287;HMDB0244455;HMDB0006111;LMFA03060064;LMFA03060063;LMFA03060088","B(ii)","C14777",319.2276,6.7421,"neg","M-H","C20H32O3",0,90.5,-0.819987617525647,"54397-83-0",0.0213682902044
"neg_2028","13(S)-HpODE","metab_3522","HMDB0003871","B(i)","C04717",311.2226,6.7341,"neg","M-H","C18H32O4",36.3,0,-0.696603962049304,"33964-75-9",0.0230302970159
"neg_2029","Lauric aldehyde","metab_3523","LMFA06000071;HMDB0033933","B(ii)","C02278",229.1803,6.7341,"neg","M+FA-H","C12H24O",0,41.6,-3.26676984793851,"112-54-9",0.0400600380609
"neg_2030","Beta-D-Glucosamine","metab_3525","HMDB0030091","B(ii)","C08349",403.1581,6.7263,"neg","2M+FA-H","C6H13NO5",0,38.6,3.31440138120533,"14257-69-3",0.272191752028
"neg_2035","Capric acid","metab_3530","PW_C000391;LMFA01010010;HMDB0000511","B(ii)","C01571",209.094,6.7263,"neg","M+K-2H","C10H20O2",0,69,-5.31858790243911,"334-48-5",0.0178244173866
"neg_2049","1-Methoxy-4-(2-propenyl)benzene","metab_3543","HMDB0034121","B(ii)","C10452",193.0861,6.6472,"neg","M+FA-H","C10H12O",0,57.7,-6.16687707522313,"140-67-0",0.0257246669816
"neg_2051","13(S)-HpOTrE","metab_3546","HMDB0301803","B(i)","C04785",309.207,6.6392,"neg","M-H","C18H30O4",32.5,0,-0.450917947597849,"67597-26-6",0.0191301079204
"neg_2052","2-Decyl-3-Hydroxypentanedioic Acid","metab_3547","-","B(i)","-",269.1756,6.6392,"neg","M-H2O-H","C15H28O5",33.7,0,-0.920198735152408,"-",0.0168982441222
"neg_2058","Myristic acid","metab_3552","HMDB0000806;LMFA01010014;PW_C000643","B(ii)","C06424",265.1568,6.6234,"neg","M+K-2H","C14H28O2",0,39.1,-3.38498054908924,"544-63-8",0.0171964208264
"neg_2059","Dinoterb","metab_3553","-","B(i)","C18671",239.0668,6.6234,"neg","M-H","C10H12N2O5",49.8,0,-2.24938978517274,"1420-07-1",0.00848116204725
"neg_2077","PE-NMe(20:2(11Z,14Z)/18:0)","metab_3570","HMDB0113342;PW_C059466","B(ii)","C01241",830.5934,6.5196,"neg","M+FA-H","C44H84NO8P",0,80.8,2.20284404512735,"-",0.108233841235
"neg_2079","PE-NMe2(16:0/18:2(9Z,12Z))","metab_3572","HMDB0113943;PW_C059959","B(ii)","C04308",742.5406,6.5196,"neg","M-H","C41H78NO8P",0,79.8,1.77832972223288,"-",0.0121212372718
"neg_2082","LysoPC(20:4(5Z,8Z,11Z,14Z)/0:0)","metab_3576","HMDB0010395","B(ii)","C04230",588.3316,6.5037,"neg","M+FA-H","C28H50NO7P",0,76.6,1.62509953950781,"60701-99-7",0.0209309382741
"neg_2086","PE(18:2/0:0)","metab_3580","-","B(i)","-",476.2785,6.4722,"neg","M-H","C23H44NO7P",95.5,0,0.509432360401978,"-",0.034164774858
"neg_2098","LysoPE(22:6(4Z,7Z,10Z,13Z,16Z,19Z)/0:0)","metab_3593","HMDB0011526","B(ii)","-",524.2793,6.4076,"neg","M-H","C27H44NO7P",0,34,1.93840861960464,"-",0.0189364653784
"neg_2100","N-Lauroylsarcosine","metab_3597","HMDB0255165","B(i)","-",270.2072,6.4076,"neg","M-H","C15H29NO3",31.1,0,-0.812938033636945,"-",0.0309699597419
"neg_2106","13(S)-HODE","metab_3603","-","B(i)","C14762",295.2275,6.3836,"neg","M-H","C18H32O3",68.8,0,-1.15107450080208,"-",0.0130102362905
"neg_2111","5-KETE","metab_3608","HMDB0246835;HMDB0010217;PW_C006229","B(ii)","C14732",317.212,6.3436,"neg","M-H","C20H30O3",0,49.6,-0.830380572071199,"126432-17-5",0.0159812711895
"neg_2113","LysoPA(22:4(7Z,10Z,13Z,16Z)/0:0)","metab_3610","HMDB0114752","B(ii)","-",531.2732,6.3356,"neg","M+FA-H","C25H43O7P",0,77.9,0.816092138205019,"-",0.0372127998355
"neg_2122","3beta-Hydroxypregna-5,16-dien-20-one","metab_3620","HMDB0303027;LMST02030164","B(ii)","C06392",359.2226,6.2956,"neg","M+FA-H","C21H30O2",0,50.3,-0.478592166888241,"-",0.0266495647485
"neg_2126","L-a-Lysophosphatidylserine","metab_3624","-","B(i)","-",524.2996,6.2716,"neg","M-H","C24H48NO9P",80.6,0,0.465421355894859,"-",0.0884565697094
"neg_2129","9(S)-HpODE","metab_3627","HMDB0006940","B(i)","C14827",311.2225,6.2716,"neg","M-H","C18H32O4",76.2,0,-0.751599560795027,"29774-12-7",0.0172139155134
"neg_2136","LysoPI(16:0/0:0)","metab_3635","HMDB0061695","B(ii)","-",571.2897,6.247,"neg","M-H","C25H49O12P",0,67.3,1.39162586054485,"1425501-12-7",0.0291457731377
"neg_2139","10-Hydroxydecanoic Acid","metab_3638","HMDB0244272;MJDBOTE0001753","B(i)","C02774",187.1331,6.247,"neg","M-H","C10H20O3",43.3,0,-4.73950460486299,"1679-53-4",0.00819504141233
"neg_2168","Ethyl Myristate","metab_3669","HMDB0034153","B(i)","-",255.2325,6.1831,"neg","M-H","C16H32O2",75.8,0,-1.75961411528166,"124-06-1",0.0167244944316
"neg_2173","Anethole","metab_3675","HMDB0030837;MJDBOTE0001677","B(ii)","C10428",193.0861,6.1665,"neg","M+FA-H","C10H12O",0,40.8,-6.22525714340042,"4180-23-8;104-46-1;4180-23-8",0.0177261442239
"neg_2187","4-Decan-4-Ylbenzenesulfonic Acid","metab_3690","-","B(i)","-",297.1527,6.1425,"neg","M-H","C16H26O3S",83.7,0,-0.933971390906389,"-",0.013804608338
"neg_2189","Senkyunolide N","metab_3692","HMDB0302272","B(ii)","-",207.1019,6.1425,"neg","M-H2O-H","C12H18O4",0,55.6,-3.36317183332338,"-",0.00905939716963
"neg_219","Uridine","metab_3693","PW_C000202;HMDB0000296;MJDBOTE0000788","B(i)","C00299",243.0618,1.3007,"neg","M-H, M+FA-H","C9H12N2O6",41.9,0,-1.96704402166709,"58-96-8",0.0131583641669
"neg_2198","P-Menthane-3,8-diol","metab_3702","LMPR0102090063;HMDB0035595;HMDB0036145","B(ii)","C02904",209.094,6.1265,"neg","M+K-2H","C10H20O2",0,52.2,-5.16396222066034,"91739-72-9;42822-86-6;565-50-4",0.00442733205511
"neg_22","PG(16:0/18:1(11Z))","metab_3704","PW_C006581;LMGP04010008;HMDB0010573","B(ii)","C00344",747.5196,6.9247,"neg","M-H, M+Na-2H, M+FA-H","C40H77O10P",0,53.4,1.95360133192708,"1177673-26-5",0.0124149375145
"neg_2204","Diethyl Phthalate","metab_3710","HMDB0094660","B(i)","C14175",221.0812,6.1105,"neg","M-H","C12H14O4",70.8,0,-3.131950174687,"84-66-2",0.00743954731416
"neg_2205","9,10,13-TriHOME","metab_3711","HMDB0004710","B(ii)","C14835",329.2331,6.1025,"neg","M-H","C18H34O5",0,81.2,-0.62685564398204,"29907-57-1",0.014836162948
"neg_2207","3-Methylsuberic acid","metab_3713","HMDB0059783;LMFA01030981","B(ii)","-",169.086,6.1025,"neg","M-H2O-H","C9H16O4",0,36.2,-5.42011642045211,"-",0.0148099918061
"neg_2212","Brincidofovir","metab_3716","HMDB0249384","B(ii)","-",596.3216,6.0786,"neg","M+Cl","C27H52N3O7P",0,75.5,-3.68878621394039,"-",0.019217211309
"neg_2258","Hippuric Acid","metab_3765","HMDB0000714;MJDBOTE0000525","B(i)","C01586",178.05,5.9279,"neg","M-H","C9H9NO3",73.4,0,-5.24333266212349,"495-69-2",0.0147847508773
"neg_2262","12R-hydroxy-5Z,8Z,12Z-eicosatrienoic acid","metab_3770","LMFA03050012;HMDB0062290","B(ii)","-",343.2233,5.9124,"neg","M+Na-2H","C20H34O3",0,44.6,-6.83818086763493,"-",0.0103686666714
"neg_2284","4-Nitrophenol","metab_3794","HMDB0041950;HMDB0001232;MJDBOTE0000622","B(i)","C00870;C06813",138.0185,5.5412,"neg","M-H","C6H5NO3",48.1,0,-8.44465348967301,"98-95-3;100-02-7",0.00607647252448
"neg_23","PG(18:1(9Z)/22:6(4Z,7Z,10Z,13Z,16Z,19Z))","metab_3810","PW_C006652;LMGP04010043;HMDB0010644","B(ii)","C00344",819.5198,6.9723,"neg","M-H, M+FA-H, M+Na-2H","C46H77O10P",0,54,2.03417086029984,"-",0.0546281289634
"neg_2346","Acetyl-DL-Leucine","metab_3861","HMDB0011756","B(i)","C02710",172.0969,3.5328,"neg","M-H","C8H15NO3",36.8,0,-5.76067548956782,"1188-21-2",0.00863899947139
"neg_2357","P-Toluenesulfonic Acid","metab_3873","HMDB0059933","B(i)","C06677",171.0111,3.296,"neg","M-H","C7H8O3S",39,0,-5.87167393971172,"104-15-4",0.0188871513772
"neg_2385","2-(4-Nitrobenzylidene)malononitrile","metab_3903","HMDB0245723;HMDB0029952","B(ii)","C06397",397.0727,3.0518,"neg","2M-H","C10H5N3O2",0,47.6,8.99327448111226,"1961-73-5",0.0237656371913
"neg_2422","L-Tryptophan","metab_3945","HMDB0000929;PW_C000741;MJDBOTE0000426","B(i)","C00078",203.0818,3.0003,"neg","M-H","C11H12N2O2",70.7,0,-3.9491555447897,"73-22-3",0.0134971038467
"neg_2440","Aspartyl-Isoleucine","metab_3965","HMDB0028756","B(ii)","-",245.1139,2.7563,"neg","M-H","C10H18N2O5",0,48.5,-1.7902878505995,"-",0.0108310658089
"neg_2449","Xanthosine","metab_3973","HMDB0000299;PW_C000203;MJDBOTE0001063","B(i)","C01762",283.0682,2.6703,"neg","M-H","C10H12N4O6",69.2,0,-0.86867562814629,"146-80-5",0.00537722033353
"neg_2450","Gly-Ile","metab_3975","HMDB0028844","B(i)","-",187.1079,2.6703,"neg","M-H","C8H16N2O3",55.5,0,-4.70221765112953,"-",0.00290678781075
"neg_2478","5-(Hydroxyphenyl)-gamma-valerolactone-O-sulphate","metab_4004","HMDB0059993","B(ii)","-",317.0335,2.1787,"neg","M+FA-H","C11H12O6S",0,38.1,-0.522766038752877,"-",0.00776265312783
"neg_2499","Triclofos","metab_4027","HMDB0259185","B(ii)","C07165",500.7848,1.8987,"neg","2M+FA-H","C2H4Cl3O4P",0,32,8.88362722830282,"306-52-5",0.00782394229947
"neg_2523","Guanosine","metab_4055","PW_C000087;HMDB0000133;MJDBOTE0000372","B(i)","C00387",282.0841,1.7087,"neg","M-H","C10H13N5O5",76.6,0,-0.967381362970416,"118-00-3",0.0566229394772
"neg_2525","5'-Guanylic Acid","metab_4057","HMDB0001397;MJDBOTE0000666","B(i)","C00144",362.0507,1.6847,"neg","M-H","C10H14N5O8P",43.2,0,-0.0533878946997734,"85-32-5",0.0122640353587
"neg_2596","Uridine-5'-Monophosphate","metab_4134","HMDB0000288;MJDBOTE0000717","B(i)","C00105",323.0284,1.0768,"neg","M-H","C9H13N2O9P",53.5,0,-0.708282399017678,"58-97-9",0.0152318919715
"neg_2630","N-acetylaspartate","metab_4172","HMDB0000812","B(i)","C01042",174.0398,0.997,"neg","M-H","C6H9NO5",30.8,0,-5.6678447862814,"997-55-7",0.0227310467678
"neg_265","Selumetinib","metab_4193","HMDB0304858","B(ii)","-",500.9948,3.0518,"neg","M+Cl, M+FA-H","C17H15BrClFN4O3",0,40.7,-7.55504886271021,"-",0.0186751091994
"neg_2745","Trehalose","metab_4284","HMDB0000975;PW_C000776","B(i)","C01083",377.0855,0.631,"neg","M+Cl","C12H22O11",95,0,-0.255786000115465,"99-20-7",0.0410939171517
"neg_2746","N-Acetylneuraminic Acid","metab_4285","HMDB0000230;HMDB0000773;PW_C000155;HMDB0246275;MJDBOTE0001105","B(i)","C19910;C00270;C19909",308.0985,0.631,"neg","M-H","C11H19NO9",88.8,0,-0.695700636964114,"131-48-6;21646-00-4;19342-33-7",0.029323441712
"neg_2755","Sedoheptulose","metab_4293","HMDB0003219","B(ii)","C02076;C08355",245.0427,0.607,"neg","M+Cl","C7H14O7",0,54.2,-3.33034319662239,"3019-74-7;470-46-2",0.00631777090325
"neg_283","Azelaic Acid","metab_4373","LMFA01170054;HMDB0000784;MJDBOTE0000344","B(i)","C08261",187.0967,5.7047,"neg","M-H, M+Na-2H","C9H16O4",92,0,-4.77965950700955,"123-99-9",0.00526440826544
"neg_2898","Tolmetin","metab_4441","PW_C009003;HMDB0014643","B(ii)","C07149",302.1008,0.5606,"neg","M+FA-H","C15H15NO3",0,40.6,-9.98418321545796,"26171-23-3",0.020136860886
"neg_304","Traumatic acid","metab_4587","HMDB0000933;LMFA01170002","B(ii)","C16308",227.1283,6.1425,"neg","M-H2O-H, M-H","C12H20O4",0,50.7,-2.51496261336171,"6402-36-4",0.0195469480064
"neg_3182","1-Hydroxy-2,5-dioxopyrrolidine-3-sulfonic acid","metab_4740","HMDB0243897","B(ii)","-",175.9678,0.4419,"neg","M-H2O-H","C4H5NO6S",0,42.9,9.53673331158775,"-",0.0274005231468
"neg_325","12(R)-HETE","metab_4813","PW_C040453","B(i)","C14822",319.2276,6.4076,"neg","M-H2O-H, M-H","C20H32O3",68.4,0,-0.81093941885482,"-",0.0152698079349
"neg_333","PE(18:1(9Z)-O(12,13)/22:2(13Z,16Z))","metab_4865","HMDB0283981","B(ii)","-",810.5678,6.4156,"neg","M-H, M+Na-2H","C45H82NO9P",0,51.6,2.92021710545735,"-",0.0929641033625
"neg_347","Bardoxolone methyl","metab_4880","HMDB0248872","B(ii)","-",550.3157,6.7501,"neg","M+Na-2H, M+FA-H","C32H43NO4",0,41.2,-3.37468144309095,"-",0.0805226038528
"neg_348","Arachidonic acid","metab_4881","HMDB0001043;LMFA01030001;PW_C000821","B(ii)","C00219",303.2327,6.758,"neg","M-H, M+FA-H","C20H32O2",0,67.3,-0.90793434414726,"506-32-1",0.0507094354532
"neg_352","PE(16:0/18:1(9Z))","metab_4885","LMGP02010009;HMDB0008927;PW_C004975","B(ii)","C00350",738.5098,6.7661,"neg","M+Na-2H, M+FA-H","C39H76NO8P",0,73,5.89460604390155,"26662-94-2",0.016646063942
"neg_372","PG(16:0/18:2(9Z,12Z))","metab_4906","HMDB0010575;PW_C006583;LMGP04010983","B(ii)","C00344",745.5043,6.9247,"neg","M-H, M+Na-2H","C40H75O10P",0,75,2.40414926483147,"-",0.0207348219108
"neg_394","PE(18:1(11Z)/18:0)","metab_4930","PW_C005072;HMDB0009024","B(ii)","C00350",790.5633,7.6449,"neg","M-H, M+FA-H","C41H80NO8P",0,62.9,3.97666503776227,"-",0.0215219862463
"neg_399","1-Heneicosanoyl-glycero-3-phosphoserine","metab_4935","LMGP03050026;HMDB0243883","B(ii)","-",566.3472,7.6689,"neg","M-H, M+Na-2H","C27H54NO9P",0,61,1.5249538844811,"-",0.0252512754378
"neg_41","P-CHLOROPHENYLALANINE","metab_4948","HMDB0033261","B(i)","-",198.0319,3.0438,"neg","M-H, M+Cl, M+FA-H","C9H10ClNO2",61.3,0,-4.30838067563871,"101365-03-1",0.00404637981178
"neg_45","PE-NMe(16:0/18:1(11Z))","metab_4992","HMDB0112961;PW_C057537","B(ii)","C01241",776.5467,6.4236,"neg","M+Cl, M+FA-H, M+Na-2H","C40H78NO8P",0,66.3,2.71913646013281,"-",0.0157220033243
"neg_668","4-Aminophenylphosphorylcholine","metab_5230","HMDB0246359","B(ii)","-",309.079,0.5288,"neg","M+Cl","C11H19N2O4P",0,36.7,5.00395974884021,"-",0.0210471617375
"neg_790","Glycerophosphocholine","metab_5354","HMDB0008159;HMDB0008195;HMDB0008424;HMDB0008193;HMDB0008062;HMDB0008652;HMDB0008719;HMDB0008160;HMDB0008620;HMDB0007994;HMDB0011222;HMDB0008326;HMDB0008260;HMDB0011223;HMDB0007928;HMDB0008718;HMDB0007929;HMDB0008293;HMDB0008095;HMDB0008787;HMDB0008194;HMDB0008818;HMDB0008819;HMDB0008027;HMDB0008292;HMDB0008589;HMDB0008456;HMDB0008586;HMDB0008425;HMDB0008390;HMDB0008225;HMDB0008030;HMDB0008524;HMDB0008488;HMDB0007995;HMDB0008258;HMDB0011225;HMDB0008588;HMDB0008557;HMDB0008654;HMDB0007896;HMDB0008325;HMDB0008127;HMDB0008455;HMDB0008523;HMDB0008161;HMDB0000086;HMDB0007931;HMDB0008227;HMDB0008061;HMDB0008096;HMDB0008359;HMDB0008720;HMDB0008391;HMDB0008393;HMDB0007930;HMDB0008063;HMDB0011221;HMDB0008721;HMDB0008392;HMDB0011228;HMDB0008060;HMDB0008817;HMDB0008360;HMDB0008489;HMDB0008619;HMDB0008162;HMDB0008685;HMDB0008490;HMDB0008457;HMDB0007962;HMDB0008554;HMDB0008327;HMDB0011290;HMDB0007997;HMDB0008259;HMDB0008687;HMDB0011227;HMDB0007996;HMDB0008555;HMDB0008622;HMDB0008093;HMDB0008294;HMDB0008820;HMDB0008785;HMDB0008587;PW_C000059;HMDB0011226;HMDB0008357;HMDB0011224;HMDB0007895;HMDB0008228;HMDB0008358;HMDB0008491;HMDB0008521;HMDB0008653;HMDB0008786;HMDB0008226;HMDB0008556;HMDB0007963;HMDB0008621;HMDB0008423;HMDB0008458;HMDB0008784;HMDB0008291;HMDB0008422;HMDB0008128;HMDB0008261;HMDB0008753;HMDB0008094;MJDBOTE0000471","B(i)","C00670",292.072,0.5913,"neg","M+Cl","C8H20NO6P",81.3,0,-0.962584910990284,"28319-77-9",0.0229333367115
"neg_797","Ribose 1-phosphate","metab_5361","PW_C001146;HMDB0001489","B(i)","C00620",229.0113,0.607,"neg","M-H","C5H11O8P",74.1,0,-2.58712481122037,"14075-00-4",0.00848360838559
"neg_913","Hypoxanthine","metab_5481","HMDB0000157;PW_C000102","B(i)","C00262",135.0301,1.0528,"neg","M-H","C5H4N4O",91.4,0,-8.43418162511805,"68-94-0",0.0092077673197
"neg_951","Oxypurinol","metab_5523","HMDB0000786","B(i)","C07599",151.025,1.2046,"neg","M-H","C5H4N4O2",85.9,0,-7.33439439191794,"2465-59-0",0.00546635420358
"neg_959","DL-m-Tyrosine","metab_5531","-","B(i)","-",180.0657,1.3167,"neg","M-H","C9H11NO3",62.4,0,-5.1846378882016,"-",0.0122566919337
"neg_981","Adenosine 3'-monophosphate","metab_5556","HMDB0003540","B(i)","C01367",346.0557,1.6767,"neg","M-H","C10H14N5O7P",84.7,0,-0.257757918655316,"84-21-9",0.0109364973617
