"","X1","X2","elements","igraph.degree","igraph.closeness","igraph.betweenness","igraph.cen.degree","group","ID","Domain","Kingdom","Phylum","Class","Order","Family","Genus","Species","Group","nodes","label"
"1",-3.75919539363435,3.42255870496844,"ASV1",14,0.37125748502994,98.9593353493697,14,"Severe","ASV1","d__Bacteria","k__norank_d__Bacteria","p__Firmicutes","c__Bacilli","o__Bacillales","f__Bacillaceae","g__Bacillus","s__unclassified_g__Bacillus","Severe",63,"Severe: (nodes: 63; links: )"
"2",-6.4193920987625,1.18408888945212,"ASV10",12,0.358381502890173,45.8110108196321,12,"Severe","ASV10","d__Bacteria","k__norank_d__Bacteria","p__Proteobacteria","c__Gammaproteobacteria","o__Enterobacterales","f__Enterobacteriaceae","g__unclassified_f__Enterobacteriaceae","s__unclassified_f__Enterobacteriaceae","Severe",63,"Severe: (nodes: 63; links: )"
"3",7.50920689924134,-11.9107911678078,"ASV11",7,0.346368715083799,117.871374609372,7,"Severe","ASV11","d__Bacteria","k__norank_d__Bacteria","p__Bacteroidota","c__Bacteroidia","o__Flavobacteriales","f__Weeksellaceae","g__Chryseobacterium","s__unclassified_g__Chryseobacterium","Severe",63,"Severe: (nodes: 63; links: )"
"4",-1.52912752202124,10.5944793467544,"ASV113",2,0.267241379310345,0,2,"Severe","ASV113","d__Bacteria","k__norank_d__Bacteria","p__Proteobacteria","c__Gammaproteobacteria","o__Enterobacterales","f__Enterobacteriaceae","g__Klebsiella","s__unclassified_g__Klebsiella","Severe",63,"Severe: (nodes: 63; links: )"
"5",0.969832872592115,3.24067560423878,"ASV114",7,0.295238095238095,4.39059163059163,7,"Severe","ASV114","d__Bacteria","k__norank_d__Bacteria","p__Proteobacteria","c__Gammaproteobacteria","o__Pseudomonadales","f__Pseudomonadaceae","g__Pseudomonas","s__unclassified_g__Pseudomonas","Severe",63,"Severe: (nodes: 63; links: )"
"6",-8.37358883013881,-12.4854285469237,"ASV118",1,0.233962264150943,0,1,"Severe","ASV118","d__Bacteria","k__norank_d__Bacteria","p__Bacteroidota","c__Bacteroidia","o__Flavobacteriales","f__Flavobacteriaceae","g__Flavobacterium","s__Cytophaga_sp._VM1T","Severe",63,"Severe: (nodes: 63; links: )"
"7",-6.84290054939237,11.1231674668766,"ASV119",1,0.213793103448276,0,1,"Severe","ASV119","d__Bacteria","k__norank_d__Bacteria","p__Proteobacteria","c__Gammaproteobacteria","o__Enterobacterales","f__Enterobacteriaceae","g__unclassified_f__Enterobacteriaceae","s__unclassified_f__Enterobacteriaceae","Severe",63,"Severe: (nodes: 63; links: )"
"8",-4.79611644305194,-13.9575134830024,"ASV12",6,0.303921568627451,348.543530020704,6,"Severe","ASV12","d__Bacteria","k__norank_d__Bacteria","p__Proteobacteria","c__Gammaproteobacteria","o__Enterobacterales","f__Enterobacteriaceae","g__unclassified_f__Enterobacteriaceae","s__unclassified_f__Enterobacteriaceae","Severe",63,"Severe: (nodes: 63; links: )"
"9",1.09868086110782,-10.410961863806,"ASV121",4,0.322916666666667,37.7524308135292,4,"Severe","ASV121","d__Bacteria","k__norank_d__Bacteria","p__Proteobacteria","c__Gammaproteobacteria","o__Xanthomonadales","f__Xanthomonadaceae","g__Stenotrophomonas","s__unclassified_g__Stenotrophomonas","Severe",63,"Severe: (nodes: 63; links: )"
"10",5.55730219604251,5.49326629835644,"ASV123",7,0.324607329842932,2.28636363636364,7,"Severe","ASV123","d__Bacteria","k__norank_d__Bacteria","p__Proteobacteria","c__Gammaproteobacteria","o__Xanthomonadales","f__Xanthomonadaceae","g__Stenotrophomonas","s__unclassified_g__Stenotrophomonas","Severe",63,"Severe: (nodes: 63; links: )"
"11",6.12686844227184,-9.4306991230017,"ASV126",2,0.298076923076923,19.7059764309764,2,"Severe","ASV126","d__Bacteria","k__norank_d__Bacteria","p__Deinococcota","c__Deinococci","o__Deinococcales","f__Deinococcaceae","g__Deinococcus","s__unclassified_g__Deinococcus","Severe",63,"Severe: (nodes: 63; links: )"
"12",8.10518661907481,6.90428015526917,"ASV13",10,0.375757575757576,415.993786366613,10,"Severe","ASV13","d__Bacteria","k__norank_d__Bacteria","p__Proteobacteria","c__Gammaproteobacteria","o__Burkholderiales","f__Alcaligenaceae","g__Achromobacter","s__unclassified_g__Achromobacter","Severe",63,"Severe: (nodes: 63; links: )"
"13",9.00677782118239,-8.99619123263216,"ASV131",2,0.287037037037037,2.21241936362646,2,"Severe","ASV131","d__Bacteria","k__norank_d__Bacteria","p__Deinococcota","c__Deinococci","o__Deinococcales","f__Deinococcaceae","g__Deinococcus","s__Deinococcus_antarcticus","Severe",63,"Severe: (nodes: 63; links: )"
"14",-0.391231579072919,12.3110254259518,"ASV139",4,0.331550802139037,47.1023309371364,4,"Severe","ASV139","d__Bacteria","k__norank_d__Bacteria","p__Bacteroidota","c__Bacteroidia","o__Sphingobacteriales","f__Sphingobacteriaceae","g__Pedobacter","s__unclassified_g__Pedobacter","Severe",63,"Severe: (nodes: 63; links: )"
"15",9.70318017628665,-4.35574274585302,"ASV14",4,0.319587628865979,93.3889993814136,4,"Severe","ASV14","d__Bacteria","k__norank_d__Bacteria","p__Bacteroidota","c__Bacteroidia","o__Sphingobacteriales","f__Sphingobacteriaceae","g__Sphingobacterium","s__unclassified_g__Sphingobacterium","Severe",63,"Severe: (nodes: 63; links: )"
"16",-2.45010966608729,-12.2227886094147,"ASV15",3,0.24124513618677,98.4851966873706,3,"Severe","ASV15","d__Bacteria","k__norank_d__Bacteria","p__Proteobacteria","c__Gammaproteobacteria","o__Xanthomonadales","f__Xanthomonadaceae","g__Stenotrophomonas","s__unclassified_g__Stenotrophomonas","Severe",63,"Severe: (nodes: 63; links: )"
"17",-2.15373304882847,-6.12288982010707,"ASV16",8,0.333333333333333,47.2398596680462,8,"Severe","ASV16","d__Bacteria","k__norank_d__Bacteria","p__Bacteroidota","c__Bacteroidia","o__Chitinophagales","f__Chitinophagaceae","g__unclassified_f__Chitinophagaceae","s__unclassified_f__Chitinophagaceae","Severe",63,"Severe: (nodes: 63; links: )"
"18",6.91806816163743,12.0878800350496,"ASV17",2,0.284403669724771,98.456469979296,2,"Severe","ASV17","d__Bacteria","k__norank_d__Bacteria","p__Proteobacteria","c__Gammaproteobacteria","o__Pseudomonadales","f__Moraxellaceae","g__Acinetobacter","s__unclassified_g__Acinetobacter","Severe",63,"Severe: (nodes: 63; links: )"
"19",14.1559601120495,1.39766934293472,"ASV18",2,0.291079812206573,29.7420634920635,2,"Severe","ASV18","d__Bacteria","k__norank_d__Bacteria","p__Proteobacteria","c__Alphaproteobacteria","o__Sphingomonadales","f__Sphingomonadaceae","g__Sphingomonas","s__unclassified_g__Sphingomonas","Severe",63,"Severe: (nodes: 63; links: )"
"20",-5.60856044910347,-9.32443819460871,"ASV180",3,0.236641221374046,61,3,"Severe","ASV180","d__Bacteria","k__norank_d__Bacteria","p__Proteobacteria","c__Gammaproteobacteria","o__Enterobacterales","f__Enterobacteriaceae","g__Escherichia-Shigella","s__unclassified_g__Escherichia-Shigella","Severe",63,"Severe: (nodes: 63; links: )"
"21",8.68580500619327,11.0362512642736,"ASV181",7,0.324607329842932,2.28636363636364,7,"Severe","ASV181","d__Bacteria","k__norank_d__Bacteria","p__Proteobacteria","c__Gammaproteobacteria","o__Enterobacterales","f__Enterobacteriaceae","g__Escherichia-Shigella","s__unclassified_g__Escherichia-Shigella","Severe",63,"Severe: (nodes: 63; links: )"
"22",-3.5094342943932,-2.42601279787561,"ASV182",12,0.342541436464088,74.3457509731137,12,"Severe","ASV182","d__Bacteria","k__norank_d__Bacteria","p__Firmicutes","c__Bacilli","o__Bacillales","f__Bacillaceae","g__Bacillus","s__unclassified_g__Bacillus","Severe",63,"Severe: (nodes: 63; links: )"
"23",-7.97921761189407,-9.65543976162953,"ASV183",2,0.23574144486692,0,2,"Severe","ASV183","d__Bacteria","k__norank_d__Bacteria","p__Proteobacteria","c__Gammaproteobacteria","o__Enterobacterales","f__Enterobacteriaceae","g__Escherichia-Shigella","s__unclassified_g__Escherichia-Shigella","Severe",63,"Severe: (nodes: 63; links: )"
"24",-7.41150038660645,-2.14804477685595,"ASV184",10,0.354285714285714,8.92014457319949,10,"Severe","ASV184","d__Bacteria","k__norank_d__Bacteria","p__Firmicutes","c__Bacilli","o__Bacillales","f__Bacillaceae","g__Bacillus","s__unclassified_g__Bacillus","Severe",63,"Severe: (nodes: 63; links: )"
"25",3.27677407483697,10.154511000327,"ASV185",6,0.322916666666667,1.88636363636364,6,"Severe","ASV185","d__Bacteria","k__norank_d__Bacteria","p__Proteobacteria","c__Gammaproteobacteria","o__Enterobacterales","f__Enterobacteriaceae","g__Escherichia-Shigella","s__unclassified_g__Escherichia-Shigella","Severe",63,"Severe: (nodes: 63; links: )"
"26",-4.85942082634442,15.631911586475,"ASV19",6,0.350282485875706,82.4578615498409,6,"Severe","ASV19","d__Bacteria","k__norank_d__Bacteria","p__Proteobacteria","c__Alphaproteobacteria","o__Sphingomonadales","f__Sphingomonadaceae","g__Sphingomonas","s__unclassified_g__Sphingomonas","Severe",63,"Severe: (nodes: 63; links: )"
"27",-1.33883067681556,-3.04361955427481,"ASV2",12,0.358381502890173,29.2572618672962,12,"Severe","ASV2","d__Bacteria","k__norank_d__Bacteria","p__Proteobacteria","c__Gammaproteobacteria","o__Enterobacterales","f__Enterobacteriaceae","g__unclassified_f__Enterobacteriaceae","s__unclassified_f__Enterobacteriaceae","Severe",63,"Severe: (nodes: 63; links: )"
"28",-4.29609782471204,-4.20610358306904,"ASV20",10,0.354285714285714,10.6129332941404,10,"Severe","ASV20","d__Bacteria","k__norank_d__Bacteria","p__Proteobacteria","c__Gammaproteobacteria","o__Enterobacterales","f__Enterobacteriaceae","g__unclassified_f__Enterobacteriaceae","s__unclassified_f__Enterobacteriaceae","Severe",63,"Severe: (nodes: 63; links: )"
"29",4.24264471359604,-11.6515944554803,"ASV203",5,0.350282485875706,69.4168070487865,5,"Severe","ASV203","d__Bacteria","k__norank_d__Bacteria","p__Actinobacteriota","c__Actinobacteria","o__Micrococcales","f__Micrococcaceae","g__Rothia","s__unclassified_g__Rothia","Severe",63,"Severe: (nodes: 63; links: )"
"30",11.6770053438503,-4.94340917068814,"ASV21",4,0.296650717703349,41.6595881006865,4,"Severe","ASV21","d__Bacteria","k__norank_d__Bacteria","p__Bacteroidota","c__Bacteroidia","o__Sphingobacteriales","f__Sphingobacteriaceae","g__Sphingobacterium","s__unclassified_g__Sphingobacterium","Severe",63,"Severe: (nodes: 63; links: )"
"31",8.08452864029407,0.278510447100437,"ASV22",3,0.203947368421053,0,3,"Severe","ASV22","d__Bacteria","k__norank_d__Bacteria","p__Bacteroidota","c__Bacteroidia","o__Sphingobacteriales","f__Sphingobacteriaceae","g__Sphingobacterium","s__unclassified_g__Sphingobacterium","Severe",63,"Severe: (nodes: 63; links: )"
"32",11.2996554766578,1.32092944125334,"ASV23",2,0.275555555555556,17.2134920634921,2,"Severe","ASV23","d__Bacteria","k__norank_d__Bacteria","p__Proteobacteria","c__Gammaproteobacteria","o__Pseudomonadales","f__Pseudomonadaceae","g__Pseudomonas","s__unclassified_g__Pseudomonas","Severe",63,"Severe: (nodes: 63; links: )"
"33",-2.66803438541611,13.3202462317002,"ASV24",3,0.270742358078603,61,3,"Severe","ASV24","d__Bacteria","k__norank_d__Bacteria","p__Proteobacteria","c__Gammaproteobacteria","o__Burkholderiales","f__Comamonadaceae","g__Delftia","s__unclassified_g__Delftia","Severe",63,"Severe: (nodes: 63; links: )"
"34",-4.83008584261218,-2.0926582122245,"ASV25",11,0.369047619047619,77.6146452621453,11,"Severe","ASV25","d__Bacteria","k__norank_d__Bacteria","p__Proteobacteria","c__Alphaproteobacteria","o__Rhizobiales","f__Beijerinckiaceae","g__Methylobacterium-Methylorubrum","s__unclassified_g__Methylobacterium-Methylorubrum","Severe",63,"Severe: (nodes: 63; links: )"
"35",-1.39337917449997,1.99853187070765,"ASV26",12,0.382716049382716,206.773742183742,12,"Severe","ASV26","d__Bacteria","k__norank_d__Bacteria","p__Proteobacteria","c__Alphaproteobacteria","o__Rhizobiales","f__Beijerinckiaceae","g__Methylobacterium-Methylorubrum","s__unclassified_g__Methylobacterium-Methylorubrum","Severe",63,"Severe: (nodes: 63; links: )"
"36",8.67053541668135,8.74571229108323,"ASV27",11,0.3875,429.670784127306,11,"Severe","ASV27","d__Bacteria","k__norank_d__Bacteria","p__Proteobacteria","c__Gammaproteobacteria","o__Burkholderiales","f__Comamonadaceae","g__Comamonas","s__unclassified_g__Comamonas","Severe",63,"Severe: (nodes: 63; links: )"
"37",-1.24767936955164,5.52729116044702,"ASV28",5,0.293838862559242,2.73988095238095,5,"Severe","ASV28","d__Bacteria","k__norank_d__Bacteria","p__Proteobacteria","c__Alphaproteobacteria","o__Rhizobiales","f__Rhizobiaceae","g__Phyllobacterium","s__unclassified_g__Phyllobacterium","Severe",63,"Severe: (nodes: 63; links: )"
"38",-8.91078610668793,-6.29583690484028,"ASV29",0,0,0,0,"Severe","ASV29","d__Bacteria","k__norank_d__Bacteria","p__Proteobacteria","c__Gammaproteobacteria","o__Enterobacterales","f__Enterobacteriaceae","g__unclassified_f__Enterobacteriaceae","s__unclassified_f__Enterobacteriaceae","Severe",63,"Severe: (nodes: 63; links: )"
"39",-3.32353535151611,-9.48400714980932,"ASV297",3,0.236641221374046,82.9416666666667,3,"Severe","ASV297","d__Bacteria","k__norank_d__Bacteria","p__Firmicutes","c__Bacilli","o__Lactobacillales","f__Lactobacillaceae","g__Lactobacillus","s__unclassified_g__Lactobacillus","Severe",63,"Severe: (nodes: 63; links: )"
"40",10.8109533189639,-2.02344615582638,"ASV3",4,0.253061224489796,59,4,"Severe","ASV3","d__Bacteria","k__norank_d__Bacteria","p__Proteobacteria","c__Gammaproteobacteria","o__Burkholderiales","f__Oxalobacteraceae","g__Undibacterium","s__uncultured_bacterium_g__Undibacterium","Severe",63,"Severe: (nodes: 63; links: )"
"41",6.10308645565028,9.01952710439199,"ASV30",8,0.346368715083799,137.249517873431,8,"Severe","ASV30","d__Bacteria","k__norank_d__Bacteria","p__Proteobacteria","c__Gammaproteobacteria","o__Enterobacterales","f__Enterobacteriaceae","g__unclassified_f__Enterobacteriaceae","s__unclassified_f__Enterobacteriaceae","Severe",63,"Severe: (nodes: 63; links: )"
"42",1.59786218940337,-2.72307476168911,"ASV31",3,0.303921568627451,0,3,"Severe","ASV31","d__Bacteria","k__norank_d__Bacteria","p__Firmicutes","c__Bacilli","o__Lactobacillales","f__Streptococcaceae","g__Streptococcus","s__Streptococcus_danieliae","Severe",63,"Severe: (nodes: 63; links: )"
"43",0.288183717018317,-0.0751215420256499,"ASV32",12,0.397435897435897,319.226794384741,12,"Severe","ASV32","d__Bacteria","k__norank_d__Bacteria","p__Proteobacteria","c__Gammaproteobacteria","o__Enterobacterales","f__Enterobacteriaceae","g__unclassified_f__Enterobacteriaceae","s__unclassified_f__Enterobacteriaceae","Severe",63,"Severe: (nodes: 63; links: )"
"44",5.9498552625728,-13.5886542198138,"ASV33",6,0.314720812182741,83.9061033720072,6,"Severe","ASV33","d__Bacteria","k__norank_d__Bacteria","p__Bacteroidota","c__Bacteroidia","o__Flavobacteriales","f__Flavobacteriaceae","g__Flavobacterium","s__Flavobacterium_sp._B202","Severe",63,"Severe: (nodes: 63; links: )"
"45",-11.2173881299352,-0.220884634996656,"ASV34",0,0,0,0,"Severe","ASV34","d__Bacteria","k__norank_d__Bacteria","p__Proteobacteria","c__Gammaproteobacteria","o__Enterobacterales","f__Enterobacteriaceae","g__unclassified_f__Enterobacteriaceae","s__unclassified_f__Enterobacteriaceae","Severe",63,"Severe: (nodes: 63; links: )"
"46",-10.5378425301065,-3.4382412270531,"ASV35",0,0,0,0,"Severe","ASV35","d__Bacteria","k__norank_d__Bacteria","p__Proteobacteria","c__Alphaproteobacteria","o__Rhizobiales","f__Beijerinckiaceae","g__Methylobacterium-Methylorubrum","s__unclassified_g__Methylobacterium-Methylorubrum","Severe",63,"Severe: (nodes: 63; links: )"
"47",7.52269179473062,-3.15248547011072,"ASV36",3,0.203947368421053,0,3,"Severe","ASV36","d__Bacteria","k__norank_d__Bacteria","p__Proteobacteria","c__Gammaproteobacteria","o__Burkholderiales","f__Comamonadaceae","g__Comamonas","s__Comamonas_aquatica","Severe",63,"Severe: (nodes: 63; links: )"
"48",3.5691788775561,-8.24075329930796,"ASV366",3,0.261603375527426,1.08333333333333,3,"Severe","ASV366","d__Bacteria","k__norank_d__Bacteria","p__Proteobacteria","c__Gammaproteobacteria","o__Pseudomonadales","f__Moraxellaceae","g__Acinetobacter","s__unclassified_g__Acinetobacter","Severe",63,"Severe: (nodes: 63; links: )"
"49",-9.86981098974947,1.58936231540538,"ASV39",0,0,0,0,"Severe","ASV39","d__Bacteria","k__norank_d__Bacteria","p__Proteobacteria","c__Gammaproteobacteria","o__Pseudomonadales","f__Pseudomonadaceae","g__Pseudomonas","s__unclassified_g__Pseudomonas","Severe",63,"Severe: (nodes: 63; links: )"
"50",3.93779569023589,-15.2067966723977,"ASV4",5,0.322916666666667,95.7478260869565,5,"Severe","ASV4","d__Bacteria","k__norank_d__Bacteria","p__Bacteroidota","c__Bacteroidia","o__Flavobacteriales","f__Weeksellaceae","g__Cloacibacterium","s__unclassified_g__Cloacibacterium","Severe",63,"Severe: (nodes: 63; links: )"
"51",-4.01205251964272,9.40238218268692,"ASV40",2,0.267241379310345,0,2,"Severe","ASV40","d__Bacteria","k__norank_d__Bacteria","p__Actinobacteriota","c__Actinobacteria","o__Micrococcales","f__Microbacteriaceae","g__Curtobacterium","s__unclassified_g__Curtobacterium","Severe",63,"Severe: (nodes: 63; links: )"
"52",3.39081336311538,7.63395690065575,"ASV41",6,0.322916666666667,1.88636363636364,6,"Severe","ASV41","d__Bacteria","k__norank_d__Bacteria","p__Actinobacteriota","c__Actinobacteria","o__Micrococcales","f__Micrococcaceae","g__Paenarthrobacter","s__unclassified_g__Paenarthrobacter","Severe",63,"Severe: (nodes: 63; links: )"
"53",5.10240896406399,11.8961352938754,"ASV43",5,0.321243523316062,1.88636363636364,5,"Severe","ASV43","d__Bacteria","k__norank_d__Bacteria","p__Proteobacteria","c__Alphaproteobacteria","o__Caulobacterales","f__Caulobacteraceae","g__Brevundimonas","s__unclassified_g__Brevundimonas","Severe",63,"Severe: (nodes: 63; links: )"
"54",-3.09871612476156,-14.9095612091864,"ASV45",1,0.191950464396285,0,1,"Severe","ASV45","d__Bacteria","k__norank_d__Bacteria","p__Proteobacteria","c__Gammaproteobacteria","o__Pseudomonadales","f__Moraxellaceae","g__Acinetobacter","s__unclassified_g__Acinetobacter","Severe",63,"Severe: (nodes: 63; links: )"
"55",-1.98293316595487,16.4309708642696,"ASV46",6,0.3875,282.323075683957,6,"Severe","ASV46","d__Bacteria","k__norank_d__Bacteria","p__Bacteroidota","c__Bacteroidia","o__Flavobacteriales","f__Flavobacteriaceae","g__Flavobacterium","s__Flavobacterium_sp._B202","Severe",63,"Severe: (nodes: 63; links: )"
"56",-6.76457516712971,-14.8466655563999,"ASV491",1,0.191950464396285,0,1,"Severe","ASV491","d__Bacteria","k__norank_d__Bacteria","p__Proteobacteria","c__Gammaproteobacteria","o__Enterobacterales","f__Enterobacteriaceae","g__Klebsiella","s__unclassified_g__Klebsiella","Severe",63,"Severe: (nodes: 63; links: )"
"57",-6.32903908992386,3.67290266061327,"ASV5",2,0.278026905829596,0,2,"Severe","ASV5","d__Bacteria","k__norank_d__Bacteria","p__Proteobacteria","c__Alphaproteobacteria","o__Sphingomonadales","f__Sphingomonadaceae","g__Sphingomonas","s__unclassified_g__Sphingomonas","Severe",63,"Severe: (nodes: 63; links: )"
"58",-5.49714245416664,-11.8123979378787,"ASV50",1,0.19496855345912,0,1,"Severe","ASV50","d__Bacteria","k__norank_d__Bacteria","p__Proteobacteria","c__Gammaproteobacteria","o__Pseudomonadales","f__Pseudomonadaceae","g__Pseudomonas","s__unclassified_g__Pseudomonas","Severe",63,"Severe: (nodes: 63; links: )"
"59",0.848508254925719,10.8367334881861,"ASV57",1,0.266094420600858,0,1,"Severe","ASV57","d__Bacteria","k__norank_d__Bacteria","p__Bacteroidota","c__Bacteroidia","o__Chitinophagales","f__Chitinophagaceae","g__Sediminibacterium","s__uncultured_bacterium_g__Sediminibacterium","Severe",63,"Severe: (nodes: 63; links: )"
"60",1.63081827913034,-13.2183084670972,"ASV578",4,0.296650717703349,32.0354695304695,4,"Severe","ASV578","d__Bacteria","k__norank_d__Bacteria","p__Proteobacteria","c__Gammaproteobacteria","o__Pseudomonadales","f__Moraxellaceae","g__Acinetobacter","s__unclassified_g__Acinetobacter","Severe",63,"Severe: (nodes: 63; links: )"
"61",13.5815266881065,-3.28841781786676,"ASV6",7,0.328042328042328,286.618485982193,7,"Severe","ASV6","d__Bacteria","k__norank_d__Bacteria","p__Proteobacteria","c__Alphaproteobacteria","o__Rhizobiales","f__Beijerinckiaceae","g__Methylobacterium-Methylorubrum","s__unclassified_g__Methylobacterium-Methylorubrum","Severe",63,"Severe: (nodes: 63; links: )"
"62",0.291730800980214,14.4974298568612,"ASV60",5,0.366863905325444,107.462697173578,5,"Severe","ASV60","d__Bacteria","k__norank_d__Bacteria","p__Proteobacteria","c__Gammaproteobacteria","o__Burkholderiales","f__Comamonadaceae","g__Acidovorax","s__unclassified_g__Acidovorax","Severe",63,"Severe: (nodes: 63; links: )"
"63",-4.50552931135968,11.6391840523447,"ASV62",3,0.280542986425339,7.0258658008658,3,"Severe","ASV62","d__Bacteria","k__norank_d__Bacteria","p__Proteobacteria","c__Gammaproteobacteria","o__Pseudomonadales","f__Pseudomonadaceae","g__Pseudomonas","s__unclassified_g__Pseudomonas","Severe",63,"Severe: (nodes: 63; links: )"
"64",-3.18842200959411,-0.0997436182573366,"ASV7",14,0.364705882352941,142.398997711967,14,"Severe","ASV7","d__Bacteria","k__norank_d__Bacteria","p__Proteobacteria","c__Gammaproteobacteria","o__Enterobacterales","f__Enterobacteriaceae","g__Klebsiella","s__unclassified_g__Klebsiella","Severe",63,"Severe: (nodes: 63; links: )"
"65",-5.33546059247134,13.2083102491619,"ASV8",10,0.36046511627907,353.410080672146,10,"Severe","ASV8","d__Bacteria","k__norank_d__Bacteria","p__Bacteroidota","c__Bacteroidia","o__Flavobacteriales","f__Weeksellaceae","g__Chryseobacterium","s__unclassified_g__Chryseobacterium","Severe",63,"Severe: (nodes: 63; links: )"
"66",7.78012310441917,-14.7726787828649,"ASV88",1,0.245059288537549,0,1,"Severe","ASV88","d__Bacteria","k__norank_d__Bacteria","p__Actinobacteriota","c__Actinobacteria","o__Corynebacteriales","f__Nocardiaceae","g__Williamsia","s__unclassified_g__Williamsia","Severe",63,"Severe: (nodes: 63; links: )"
"67",13.4980315941062,-0.899931366965919,"ASV9",4,0.253061224489796,59,4,"Severe","ASV9","d__Bacteria","k__norank_d__Bacteria","p__Proteobacteria","c__Gammaproteobacteria","o__Burkholderiales","f__Comamonadaceae","g__Comamonas","s__unclassified_g__Comamonas","Severe",63,"Severe: (nodes: 63; links: )"
"68",2.93667672026863,-8.32698968728762,"ASV1",6,0.383838383838384,179.075867146327,6,"Middle","ASV1","d__Bacteria","k__norank_d__Bacteria","p__Firmicutes","c__Bacilli","o__Bacillales","f__Bacillaceae","g__Bacillus","s__unclassified_g__Bacillus","Middle",77,"Middle: (nodes: 77; links: )"
"69",-7.1617653318182,-8.2923144218498,"ASV10",11,0.406417112299465,164.9890676666,11,"Middle","ASV10","d__Bacteria","k__norank_d__Bacteria","p__Proteobacteria","c__Gammaproteobacteria","o__Enterobacterales","f__Enterobacteriaceae","g__unclassified_f__Enterobacteriaceae","s__unclassified_f__Enterobacteriaceae","Middle",77,"Middle: (nodes: 77; links: )"
"70",-7.32430455196674,-11.0417858609276,"ASV11",5,0.360189573459716,58.6468453620267,5,"Middle","ASV11","d__Bacteria","k__norank_d__Bacteria","p__Bacteroidota","c__Bacteroidia","o__Flavobacteriales","f__Weeksellaceae","g__Chryseobacterium","s__unclassified_g__Chryseobacterium","Middle",77,"Middle: (nodes: 77; links: )"
"71",-4.56966985673734,9.96210979882074,"ASV112",2,0.330434782608696,0.121323529411765,2,"Middle","ASV112","d__Bacteria","k__norank_d__Bacteria","p__Proteobacteria","c__Gammaproteobacteria","o__Enterobacterales","f__Enterobacteriaceae","g__Klebsiella","s__unclassified_g__Klebsiella","Middle",77,"Middle: (nodes: 77; links: )"
"72",-2.0291305785938,9.27843610199393,"ASV113",9,0.410810810810811,3.58601075241355,9,"Middle","ASV113","d__Bacteria","k__norank_d__Bacteria","p__Proteobacteria","c__Gammaproteobacteria","o__Enterobacterales","f__Enterobacteriaceae","g__Klebsiella","s__unclassified_g__Klebsiella","Middle",77,"Middle: (nodes: 77; links: )"
"73",3.30911429233858,-0.040303253488811,"ASV114",4,0.374384236453202,1.64871679217848,4,"Middle","ASV114","d__Bacteria","k__norank_d__Bacteria","p__Proteobacteria","c__Gammaproteobacteria","o__Pseudomonadales","f__Pseudomonadaceae","g__Pseudomonas","s__unclassified_g__Pseudomonas","Middle",77,"Middle: (nodes: 77; links: )"
"74",11.2526817607767,-4.3525522448702,"ASV115",11,0.395833333333333,122.274788663393,11,"Middle","ASV115","d__Bacteria","k__norank_d__Bacteria","p__Proteobacteria","c__Gammaproteobacteria","o__Enterobacterales","f__Enterobacteriaceae","g__unclassified_f__Enterobacteriaceae","s__unclassified_f__Enterobacteriaceae","Middle",77,"Middle: (nodes: 77; links: )"
"75",4.05749636831149,6.21137487859671,"ASV116",15,0.444444444444444,57.3364777247398,15,"Middle","ASV116","d__Bacteria","k__norank_d__Bacteria","p__Proteobacteria","c__Gammaproteobacteria","o__Burkholderiales","f__Comamonadaceae","g__Comamonas","s__unclassified_g__Comamonas","Middle",77,"Middle: (nodes: 77; links: )"
"76",-6.62744308823509,1.38959770334137,"ASV117",4,0.381909547738693,12.1370004012273,4,"Middle","ASV117","d__Bacteria","k__norank_d__Bacteria","p__Proteobacteria","c__Gammaproteobacteria","o__Enterobacterales","f__Enterobacteriaceae","g__Klebsiella","s__unclassified_g__Klebsiella","Middle",77,"Middle: (nodes: 77; links: )"
"77",9.30747093974267,7.49773780282867,"ASV118",6,0.374384236453202,61.7091618663909,6,"Middle","ASV118","d__Bacteria","k__norank_d__Bacteria","p__Bacteroidota","c__Bacteroidia","o__Flavobacteriales","f__Flavobacteriaceae","g__Flavobacterium","s__Cytophaga_sp._VM1T","Middle",77,"Middle: (nodes: 77; links: )"
"78",-14.8682546567581,-4.29249687013298,"ASV119",6,0.356807511737089,72.4491468240135,6,"Middle","ASV119","d__Bacteria","k__norank_d__Bacteria","p__Proteobacteria","c__Gammaproteobacteria","o__Enterobacterales","f__Enterobacteriaceae","g__unclassified_f__Enterobacteriaceae","s__unclassified_f__Enterobacteriaceae","Middle",77,"Middle: (nodes: 77; links: )"
"79",12.7104969081649,11.1628714193449,"ASV12",8,0.374384236453202,135.308695426891,8,"Middle","ASV12","d__Bacteria","k__norank_d__Bacteria","p__Proteobacteria","c__Gammaproteobacteria","o__Enterobacterales","f__Enterobacteriaceae","g__unclassified_f__Enterobacteriaceae","s__unclassified_f__Enterobacteriaceae","Middle",77,"Middle: (nodes: 77; links: )"
"80",6.23881884545301,-10.1467541753517,"ASV121",1,0.280442804428044,0,1,"Middle","ASV121","d__Bacteria","k__norank_d__Bacteria","p__Proteobacteria","c__Gammaproteobacteria","o__Xanthomonadales","f__Xanthomonadaceae","g__Stenotrophomonas","s__unclassified_g__Stenotrophomonas","Middle",77,"Middle: (nodes: 77; links: )"
"81",-14.6307867169724,-8.16521299014579,"ASV122",4,0.334801762114537,0.972420634920635,4,"Middle","ASV122","d__Bacteria","k__norank_d__Bacteria","p__Proteobacteria","c__Gammaproteobacteria","o__Enterobacterales","f__Enterobacteriaceae","g__unclassified_f__Enterobacteriaceae","s__unclassified_f__Enterobacteriaceae","Middle",77,"Middle: (nodes: 77; links: )"
"82",6.93057683751664,-0.938201837046843,"ASV123",6,0.368932038834951,38.3084839483146,6,"Middle","ASV123","d__Bacteria","k__norank_d__Bacteria","p__Proteobacteria","c__Gammaproteobacteria","o__Xanthomonadales","f__Xanthomonadaceae","g__Stenotrophomonas","s__unclassified_g__Stenotrophomonas","Middle",77,"Middle: (nodes: 77; links: )"
"83",13.9279964152806,9.50500786244482,"ASV126",6,0.383838383838384,33.7360090882109,6,"Middle","ASV126","d__Bacteria","k__norank_d__Bacteria","p__Deinococcota","c__Deinococci","o__Deinococcales","f__Deinococcaceae","g__Deinococcus","s__unclassified_g__Deinococcus","Middle",77,"Middle: (nodes: 77; links: )"
"84",10.4994099593515,6.29604314876234,"ASV127",6,0.397905759162304,64.4037899899109,6,"Middle","ASV127","d__Bacteria","k__norank_d__Bacteria","p__Proteobacteria","c__Gammaproteobacteria","o__Burkholderiales","f__Alcaligenaceae","g__Achromobacter","s__unclassified_g__Achromobacter","Middle",77,"Middle: (nodes: 77; links: )"
"85",-10.0597593597671,-6.76285632751001,"ASV129",3,0.315352697095436,21.2475642563501,3,"Middle","ASV129","d__Bacteria","k__norank_d__Bacteria","p__Proteobacteria","c__Alphaproteobacteria","o__Rhizobiales","f__Rhizobiaceae","g__Mesorhizobium","s__unclassified_g__Mesorhizobium","Middle",77,"Middle: (nodes: 77; links: )"
"86",-0.112732108322279,8.53128583179052,"ASV13",20,0.452380952380952,137.378879242385,20,"Middle","ASV13","d__Bacteria","k__norank_d__Bacteria","p__Proteobacteria","c__Gammaproteobacteria","o__Burkholderiales","f__Alcaligenaceae","g__Achromobacter","s__unclassified_g__Achromobacter","Middle",77,"Middle: (nodes: 77; links: )"
"87",4.14995835073915,4.26740638727032,"ASV131",8,0.4,19.4547116338484,8,"Middle","ASV131","d__Bacteria","k__norank_d__Bacteria","p__Deinococcota","c__Deinococci","o__Deinococcales","f__Deinococcaceae","g__Deinococcus","s__Deinococcus_antarcticus","Middle",77,"Middle: (nodes: 77; links: )"
"88",10.2974442527939,0.511727124586644,"ASV132",1,0.284644194756554,0,1,"Middle","ASV132","d__Bacteria","k__norank_d__Bacteria","p__Proteobacteria","c__Alphaproteobacteria","o__Rhizobiales","f__Xanthobacteraceae","g__Bradyrhizobium","s__unclassified_g__Bradyrhizobium","Middle",77,"Middle: (nodes: 77; links: )"
"89",12.7021618850072,-0.136108319835916,"ASV134",3,0.290076335877863,0,3,"Middle","ASV134","d__Bacteria","k__norank_d__Bacteria","p__Proteobacteria","c__Gammaproteobacteria","o__Xanthomonadales","f__Xanthomonadaceae","g__Stenotrophomonas","s__unclassified_g__Stenotrophomonas","Middle",77,"Middle: (nodes: 77; links: )"
"90",5.8915538911505,-7.47756033771486,"ASV139",7,0.38,70.4354244245845,7,"Middle","ASV139","d__Bacteria","k__norank_d__Bacteria","p__Bacteroidota","c__Bacteroidia","o__Sphingobacteriales","f__Sphingobacteriaceae","g__Pedobacter","s__unclassified_g__Pedobacter","Middle",77,"Middle: (nodes: 77; links: )"
"91",4.04297902917171,-5.5878275606747,"ASV14",7,0.378109452736318,32.7876184666203,7,"Middle","ASV14","d__Bacteria","k__norank_d__Bacteria","p__Bacteroidota","c__Bacteroidia","o__Sphingobacteriales","f__Sphingobacteriaceae","g__Sphingobacterium","s__unclassified_g__Sphingobacterium","Middle",77,"Middle: (nodes: 77; links: )"
"92",8.03897128184393,-3.92562952422179,"ASV15",7,0.350230414746544,39.5637408110343,7,"Middle","ASV15","d__Bacteria","k__norank_d__Bacteria","p__Proteobacteria","c__Gammaproteobacteria","o__Xanthomonadales","f__Xanthomonadaceae","g__Stenotrophomonas","s__unclassified_g__Stenotrophomonas","Middle",77,"Middle: (nodes: 77; links: )"
"93",12.1880232134098,7.92796301850241,"ASV16",7,0.360189573459716,67.0673635574097,7,"Middle","ASV16","d__Bacteria","k__norank_d__Bacteria","p__Bacteroidota","c__Bacteroidia","o__Chitinophagales","f__Chitinophagaceae","g__unclassified_f__Chitinophagaceae","s__unclassified_f__Chitinophagaceae","Middle",77,"Middle: (nodes: 77; links: )"
"94",11.780472606382,4.90966339442898,"ASV17",1,0.273381294964029,0,1,"Middle","ASV17","d__Bacteria","k__norank_d__Bacteria","p__Proteobacteria","c__Gammaproteobacteria","o__Pseudomonadales","f__Moraxellaceae","g__Acinetobacter","s__unclassified_g__Acinetobacter","Middle",77,"Middle: (nodes: 77; links: )"
"95",-9.7128502878862,-4.20425850539463,"ASV18",7,0.38,39.2234011527555,7,"Middle","ASV18","d__Bacteria","k__norank_d__Bacteria","p__Proteobacteria","c__Alphaproteobacteria","o__Sphingomonadales","f__Sphingomonadaceae","g__Sphingomonas","s__unclassified_g__Sphingomonas","Middle",77,"Middle: (nodes: 77; links: )"
"96",-5.93454980726728,7.37430478220243,"ASV180",3,0.329004329004329,0,3,"Middle","ASV180","d__Bacteria","k__norank_d__Bacteria","p__Proteobacteria","c__Gammaproteobacteria","o__Enterobacterales","f__Enterobacteriaceae","g__Escherichia-Shigella","s__unclassified_g__Escherichia-Shigella","Middle",77,"Middle: (nodes: 77; links: )"
"97",-6.17893909516943,4.30948779078628,"ASV181",6,0.374384236453202,21.4657775092392,6,"Middle","ASV181","d__Bacteria","k__norank_d__Bacteria","p__Proteobacteria","c__Gammaproteobacteria","o__Enterobacterales","f__Enterobacteriaceae","g__Escherichia-Shigella","s__unclassified_g__Escherichia-Shigella","Middle",77,"Middle: (nodes: 77; links: )"
"98",5.29107538230946,13.090376509433,"ASV182",8,0.353488372093023,38.0369922740321,8,"Middle","ASV182","d__Bacteria","k__norank_d__Bacteria","p__Firmicutes","c__Bacilli","o__Bacillales","f__Bacillaceae","g__Bacillus","s__unclassified_g__Bacillus","Middle",77,"Middle: (nodes: 77; links: )"
"99",-1.79294255580264,11.522800909257,"ASV183",3,0.343891402714932,0.121323529411765,3,"Middle","ASV183","d__Bacteria","k__norank_d__Bacteria","p__Proteobacteria","c__Gammaproteobacteria","o__Enterobacterales","f__Enterobacteriaceae","g__Escherichia-Shigella","s__unclassified_g__Escherichia-Shigella","Middle",77,"Middle: (nodes: 77; links: )"
"100",8.08333948842615,13.4916341554919,"ASV184",8,0.376237623762376,81.7994442569054,8,"Middle","ASV184","d__Bacteria","k__norank_d__Bacteria","p__Firmicutes","c__Bacilli","o__Bacillales","f__Bacillaceae","g__Bacillus","s__unclassified_g__Bacillus","Middle",77,"Middle: (nodes: 77; links: )"
"101",2.94908755168961,13.0906301106788,"ASV185",0,0,0,0,"Middle","ASV185","d__Bacteria","k__norank_d__Bacteria","p__Proteobacteria","c__Gammaproteobacteria","o__Enterobacterales","f__Enterobacteriaceae","g__Escherichia-Shigella","s__unclassified_g__Escherichia-Shigella","Middle",77,"Middle: (nodes: 77; links: )"
"102",-7.12402982323699,-5.30714222896123,"ASV19",8,0.385786802030457,53.6321875484535,8,"Middle","ASV19","d__Bacteria","k__norank_d__Bacteria","p__Proteobacteria","c__Alphaproteobacteria","o__Sphingomonadales","f__Sphingomonadaceae","g__Sphingomonas","s__unclassified_g__Sphingomonas","Middle",77,"Middle: (nodes: 77; links: )"
"103",-11.8925895014234,-4.18120422654737,"ASV2",7,0.376237623762376,51.8443110599974,7,"Middle","ASV2","d__Bacteria","k__norank_d__Bacteria","p__Proteobacteria","c__Gammaproteobacteria","o__Enterobacterales","f__Enterobacteriaceae","g__unclassified_f__Enterobacteriaceae","s__unclassified_f__Enterobacteriaceae","Middle",77,"Middle: (nodes: 77; links: )"
"104",-10.9939131235385,-12.1884137387047,"ASV20",3,0.334801762114537,12.4915300519269,3,"Middle","ASV20","d__Bacteria","k__norank_d__Bacteria","p__Proteobacteria","c__Gammaproteobacteria","o__Enterobacterales","f__Enterobacteriaceae","g__unclassified_f__Enterobacteriaceae","s__unclassified_f__Enterobacteriaceae","Middle",77,"Middle: (nodes: 77; links: )"
"105",-7.39183315616912,-2.39412250233063,"ASV203",2,0.292307692307692,0.301587301587302,2,"Middle","ASV203","d__Bacteria","k__norank_d__Bacteria","p__Actinobacteriota","c__Actinobacteria","o__Micrococcales","f__Micrococcaceae","g__Rothia","s__unclassified_g__Rothia","Middle",77,"Middle: (nodes: 77; links: )"
"106",3.93913413540737,-12.9249548038427,"ASV21",6,0.378109452736318,30.9132968849083,6,"Middle","ASV21","d__Bacteria","k__norank_d__Bacteria","p__Bacteroidota","c__Bacteroidia","o__Sphingobacteriales","f__Sphingobacteriaceae","g__Sphingobacterium","s__unclassified_g__Sphingobacterium","Middle",77,"Middle: (nodes: 77; links: )"
"107",2.02697677050445,-6.00862740862481,"ASV22",9,0.41304347826087,124.237760262828,9,"Middle","ASV22","d__Bacteria","k__norank_d__Bacteria","p__Bacteroidota","c__Bacteroidia","o__Sphingobacteriales","f__Sphingobacteriaceae","g__Sphingobacterium","s__unclassified_g__Sphingobacterium","Middle",77,"Middle: (nodes: 77; links: )"
"108",4.33761218906893,-10.5996691733853,"ASV23",6,0.374384236453202,30.953895233907,6,"Middle","ASV23","d__Bacteria","k__norank_d__Bacteria","p__Proteobacteria","c__Gammaproteobacteria","o__Pseudomonadales","f__Pseudomonadaceae","g__Pseudomonas","s__unclassified_g__Pseudomonas","Middle",77,"Middle: (nodes: 77; links: )"
"109",7.521464056114,-2.66569616768855,"ASV24",7,0.38,23.855728373646,7,"Middle","ASV24","d__Bacteria","k__norank_d__Bacteria","p__Proteobacteria","c__Gammaproteobacteria","o__Burkholderiales","f__Comamonadaceae","g__Delftia","s__unclassified_g__Delftia","Middle",77,"Middle: (nodes: 77; links: )"
"110",-2.95716409919637,7.32800667679985,"ASV25",20,0.460606060606061,211.933833951325,20,"Middle","ASV25","d__Bacteria","k__norank_d__Bacteria","p__Proteobacteria","c__Alphaproteobacteria","o__Rhizobiales","f__Beijerinckiaceae","g__Methylobacterium-Methylorubrum","s__unclassified_g__Methylobacterium-Methylorubrum","Middle",77,"Middle: (nodes: 77; links: )"
"111",5.0119713626253,-9.21361831168275,"ASV255",7,0.387755102040816,121.545756221604,7,"Middle","ASV255","d__Bacteria","k__norank_d__Bacteria","p__Proteobacteria","c__Gammaproteobacteria","o__Pseudomonadales","f__Pseudomonadaceae","g__Pseudomonas","s__unclassified_g__Pseudomonas","Middle",77,"Middle: (nodes: 77; links: )"
"112",1.84156090059012,7.02092291630423,"ASV26",20,0.449704142011834,232.230731841692,20,"Middle","ASV26","d__Bacteria","k__norank_d__Bacteria","p__Proteobacteria","c__Alphaproteobacteria","o__Rhizobiales","f__Beijerinckiaceae","g__Methylobacterium-Methylorubrum","s__unclassified_g__Methylobacterium-Methylorubrum","Middle",77,"Middle: (nodes: 77; links: )"
"113",0.836793011299332,1.96807886385624,"ASV27",16,0.455089820359281,60.3322570186265,16,"Middle","ASV27","d__Bacteria","k__norank_d__Bacteria","p__Proteobacteria","c__Gammaproteobacteria","o__Burkholderiales","f__Comamonadaceae","g__Comamonas","s__unclassified_g__Comamonas","Middle",77,"Middle: (nodes: 77; links: )"
"114",-3.22994666278052,4.4837220820951,"ASV28",20,0.460606060606061,83.0805801213279,20,"Middle","ASV28","d__Bacteria","k__norank_d__Bacteria","p__Proteobacteria","c__Alphaproteobacteria","o__Rhizobiales","f__Rhizobiaceae","g__Phyllobacterium","s__unclassified_g__Phyllobacterium","Middle",77,"Middle: (nodes: 77; links: )"
"115",9.49271221503045,-4.58374513176641,"ASV29",8,0.38974358974359,24.8662289609939,8,"Middle","ASV29","d__Bacteria","k__norank_d__Bacteria","p__Proteobacteria","c__Gammaproteobacteria","o__Enterobacterales","f__Enterobacteriaceae","g__unclassified_f__Enterobacteriaceae","s__unclassified_f__Enterobacteriaceae","Middle",77,"Middle: (nodes: 77; links: )"
"116",-5.35740345345851,-3.37087908248089,"ASV297",1,0.25938566552901,0,1,"Middle","ASV297","d__Bacteria","k__norank_d__Bacteria","p__Firmicutes","c__Bacilli","o__Lactobacillales","f__Lactobacillaceae","g__Lactobacillus","s__unclassified_g__Lactobacillus","Middle",77,"Middle: (nodes: 77; links: )"
"117",-1.67487800687718,2.87317605793208,"ASV3",17,0.447058823529412,108.555877677839,17,"Middle","ASV3","d__Bacteria","k__norank_d__Bacteria","p__Proteobacteria","c__Gammaproteobacteria","o__Burkholderiales","f__Oxalobacteraceae","g__Undibacterium","s__uncultured_bacterium_g__Undibacterium","Middle",77,"Middle: (nodes: 77; links: )"
"118",9.77857757829322,-2.01760996120866,"ASV30",9,0.395833333333333,37.8411938269527,9,"Middle","ASV30","d__Bacteria","k__norank_d__Bacteria","p__Proteobacteria","c__Gammaproteobacteria","o__Enterobacterales","f__Enterobacteriaceae","g__unclassified_f__Enterobacteriaceae","s__unclassified_f__Enterobacteriaceae","Middle",77,"Middle: (nodes: 77; links: )"
"119",7.75930990591196,-8.9188186392639,"ASV31",1,0.278388278388278,0,1,"Middle","ASV31","d__Bacteria","k__norank_d__Bacteria","p__Firmicutes","c__Bacilli","o__Lactobacillales","f__Streptococcaceae","g__Streptococcus","s__Streptococcus_danieliae","Middle",77,"Middle: (nodes: 77; links: )"
"120",-0.284572619188362,5.25896518029339,"ASV32",11,0.449704142011834,125.028378502239,11,"Middle","ASV32","d__Bacteria","k__norank_d__Bacteria","p__Proteobacteria","c__Gammaproteobacteria","o__Enterobacterales","f__Enterobacteriaceae","g__unclassified_f__Enterobacteriaceae","s__unclassified_f__Enterobacteriaceae","Middle",77,"Middle: (nodes: 77; links: )"
"121",9.64475961316602,10.2984490202808,"ASV33",10,0.439306358381503,221.658367651164,10,"Middle","ASV33","d__Bacteria","k__norank_d__Bacteria","p__Bacteroidota","c__Bacteroidia","o__Flavobacteriales","f__Flavobacteriaceae","g__Flavobacterium","s__Flavobacterium_sp._B202","Middle",77,"Middle: (nodes: 77; links: )"
"122",-5.40561509704608,-6.82168928233335,"ASV34",12,0.447058823529412,211.831953822252,12,"Middle","ASV34","d__Bacteria","k__norank_d__Bacteria","p__Proteobacteria","c__Gammaproteobacteria","o__Enterobacterales","f__Enterobacteriaceae","g__unclassified_f__Enterobacteriaceae","s__unclassified_f__Enterobacteriaceae","Middle",77,"Middle: (nodes: 77; links: )"
"123",12.4291318283497,-2.79188444414185,"ASV35",14,0.417582417582418,77.102813840283,14,"Middle","ASV35","d__Bacteria","k__norank_d__Bacteria","p__Proteobacteria","c__Alphaproteobacteria","o__Rhizobiales","f__Beijerinckiaceae","g__Methylobacterium-Methylorubrum","s__unclassified_g__Methylobacterium-Methylorubrum","Middle",77,"Middle: (nodes: 77; links: )"
"124",-9.49508633160723,-9.75574371783059,"ASV36",11,0.431818181818182,231.734741255032,11,"Middle","ASV36","d__Bacteria","k__norank_d__Bacteria","p__Proteobacteria","c__Gammaproteobacteria","o__Burkholderiales","f__Comamonadaceae","g__Comamonas","s__Comamonas_aquatica","Middle",77,"Middle: (nodes: 77; links: )"
"125",1.5794965133184,11.2298657431608,"ASV366",7,0.393782383419689,9.80565403591572,7,"Middle","ASV366","d__Bacteria","k__norank_d__Bacteria","p__Proteobacteria","c__Gammaproteobacteria","o__Pseudomonadales","f__Moraxellaceae","g__Acinetobacter","s__unclassified_g__Acinetobacter","Middle",77,"Middle: (nodes: 77; links: )"
"126",-8.43800808079603,-3.72465123000227,"ASV39",6,0.329004329004329,22.2432899492128,6,"Middle","ASV39","d__Bacteria","k__norank_d__Bacteria","p__Proteobacteria","c__Gammaproteobacteria","o__Pseudomonadales","f__Pseudomonadaceae","g__Pseudomonas","s__unclassified_g__Pseudomonas","Middle",77,"Middle: (nodes: 77; links: )"
"127",0.0425428973841888,-9.65738837233929,"ASV4",10,0.406417112299465,64.8242922048855,10,"Middle","ASV4","d__Bacteria","k__norank_d__Bacteria","p__Bacteroidota","c__Bacteroidia","o__Flavobacteriales","f__Weeksellaceae","g__Cloacibacterium","s__unclassified_g__Cloacibacterium","Middle",77,"Middle: (nodes: 77; links: )"
"128",-4.48935345904898,5.8055688542339,"ASV40",10,0.422222222222222,33.979024382602,10,"Middle","ASV40","d__Bacteria","k__norank_d__Bacteria","p__Actinobacteriota","c__Actinobacteria","o__Micrococcales","f__Microbacteriaceae","g__Curtobacterium","s__unclassified_g__Curtobacterium","Middle",77,"Middle: (nodes: 77; links: )"
"129",3.93289039441519,9.08335497301143,"ASV41",9,0.417582417582418,9.91474495078568,9,"Middle","ASV41","d__Bacteria","k__norank_d__Bacteria","p__Actinobacteriota","c__Actinobacteria","o__Micrococcales","f__Micrococcaceae","g__Paenarthrobacter","s__unclassified_g__Paenarthrobacter","Middle",77,"Middle: (nodes: 77; links: )"
"130",2.45741713527594,4.27704495749361,"ASV43",16,0.444444444444444,51.7670980547853,16,"Middle","ASV43","d__Bacteria","k__norank_d__Bacteria","p__Proteobacteria","c__Alphaproteobacteria","o__Caulobacterales","f__Caulobacteraceae","g__Brevundimonas","s__unclassified_g__Brevundimonas","Middle",77,"Middle: (nodes: 77; links: )"
"131",5.02227251791923,2.40464375696527,"ASV45",6,0.381909547738693,41.3887952657954,6,"Middle","ASV45","d__Bacteria","k__norank_d__Bacteria","p__Proteobacteria","c__Gammaproteobacteria","o__Pseudomonadales","f__Moraxellaceae","g__Acinetobacter","s__unclassified_g__Acinetobacter","Middle",77,"Middle: (nodes: 77; links: )"
"132",1.94397726792114,8.55891126927985,"ASV46",12,0.434285714285714,39.5677693412591,12,"Middle","ASV46","d__Bacteria","k__norank_d__Bacteria","p__Bacteroidota","c__Bacteroidia","o__Flavobacteriales","f__Flavobacteriaceae","g__Flavobacterium","s__Flavobacterium_sp._B202","Middle",77,"Middle: (nodes: 77; links: )"
"133",7.36120812395495,11.705852011385,"ASV491",3,0.280442804428044,0,3,"Middle","ASV491","d__Bacteria","k__norank_d__Bacteria","p__Proteobacteria","c__Gammaproteobacteria","o__Enterobacterales","f__Enterobacteriaceae","g__Klebsiella","s__unclassified_g__Klebsiella","Middle",77,"Middle: (nodes: 77; links: )"
"134",2.98229617607614,2.6679176596684,"ASV5",24,0.493506493506494,229.287693119033,24,"Middle","ASV5","d__Bacteria","k__norank_d__Bacteria","p__Proteobacteria","c__Alphaproteobacteria","o__Sphingomonadales","f__Sphingomonadaceae","g__Sphingomonas","s__unclassified_g__Sphingomonas","Middle",77,"Middle: (nodes: 77; links: )"
"135",0.414819443152262,-7.06287611060577,"ASV50",11,0.431818181818182,164.927013163676,11,"Middle","ASV50","d__Bacteria","k__norank_d__Bacteria","p__Proteobacteria","c__Gammaproteobacteria","o__Pseudomonadales","f__Pseudomonadaceae","g__Pseudomonas","s__unclassified_g__Pseudomonas","Middle",77,"Middle: (nodes: 77; links: )"
"136",-13.0968771391566,-6.53450197110987,"ASV57",8,0.355140186915888,52.7770772590534,8,"Middle","ASV57","d__Bacteria","k__norank_d__Bacteria","p__Bacteroidota","c__Bacteroidia","o__Chitinophagales","f__Chitinophagaceae","g__Sediminibacterium","s__uncultured_bacterium_g__Sediminibacterium","Middle",77,"Middle: (nodes: 77; links: )"
"137",14.3326079616666,5.59881077871364,"ASV578",2,0.292307692307692,6.14227005870841,2,"Middle","ASV578","d__Bacteria","k__norank_d__Bacteria","p__Proteobacteria","c__Gammaproteobacteria","o__Pseudomonadales","f__Moraxellaceae","g__Acinetobacter","s__unclassified_g__Acinetobacter","Middle",77,"Middle: (nodes: 77; links: )"
"138",2.25414465318099,-11.0641226672831,"ASV6",16,0.481012658227848,332.094318800374,16,"Middle","ASV6","d__Bacteria","k__norank_d__Bacteria","p__Proteobacteria","c__Alphaproteobacteria","o__Rhizobiales","f__Beijerinckiaceae","g__Methylobacterium-Methylorubrum","s__unclassified_g__Methylobacterium-Methylorubrum","Middle",77,"Middle: (nodes: 77; links: )"
"139",0.404754320000048,-4.55254057746239,"ASV60",1,0.278388278388278,0,1,"Middle","ASV60","d__Bacteria","k__norank_d__Bacteria","p__Proteobacteria","c__Gammaproteobacteria","o__Burkholderiales","f__Comamonadaceae","g__Acidovorax","s__unclassified_g__Acidovorax","Middle",77,"Middle: (nodes: 77; links: )"
"140",6.89560811046631,15.4105535925573,"ASV62",4,0.32618025751073,8.74523208905528,4,"Middle","ASV62","d__Bacteria","k__norank_d__Bacteria","p__Proteobacteria","c__Gammaproteobacteria","o__Pseudomonadales","f__Pseudomonadaceae","g__Pseudomonas","s__unclassified_g__Pseudomonas","Middle",77,"Middle: (nodes: 77; links: )"
"141",15.3448009081392,8.17075610865921,"ASV683",3,0.293436293436293,8.05555555555556,3,"Middle","ASV683","d__Bacteria","k__norank_d__Bacteria","p__Proteobacteria","c__Gammaproteobacteria","o__Enterobacterales","f__Enterobacteriaceae","g__unclassified_f__Enterobacteriaceae","s__unclassified_f__Enterobacteriaceae","Middle",77,"Middle: (nodes: 77; links: )"
"142",-10.0581184430842,-1.83563710849161,"ASV7",6,0.348623853211009,81.2975276457798,6,"Middle","ASV7","d__Bacteria","k__norank_d__Bacteria","p__Proteobacteria","c__Gammaproteobacteria","o__Enterobacterales","f__Enterobacteriaceae","g__Klebsiella","s__unclassified_g__Klebsiella","Middle",77,"Middle: (nodes: 77; links: )"
"143",-1.59960954822707,-0.240338721345626,"ASV8",12,0.424581005586592,11.6301074241151,12,"Middle","ASV8","d__Bacteria","k__norank_d__Bacteria","p__Bacteroidota","c__Bacteroidia","o__Flavobacteriales","f__Weeksellaceae","g__Chryseobacterium","s__unclassified_g__Chryseobacterium","Middle",77,"Middle: (nodes: 77; links: )"
"144",-12.3129056890173,-9.28218352981293,"ASV88",8,0.402116402116402,116.740264861098,8,"Middle","ASV88","d__Bacteria","k__norank_d__Bacteria","p__Actinobacteriota","c__Actinobacteria","o__Corynebacteriales","f__Nocardiaceae","g__Williamsia","s__unclassified_g__Williamsia","Middle",77,"Middle: (nodes: 77; links: )"
"145",-3.90602134630048,1.81371548759112,"ASV9",14,0.436781609195402,37.5532134981771,14,"Middle","ASV9","d__Bacteria","k__norank_d__Bacteria","p__Proteobacteria","c__Gammaproteobacteria","o__Burkholderiales","f__Comamonadaceae","g__Comamonas","s__unclassified_g__Comamonas","Middle",77,"Middle: (nodes: 77; links: )"
"146",7.19683460203306,0.407821697535319,"ASV1",2,0.346341463414634,1.72761544011544,2,"Mild","ASV1","d__Bacteria","k__norank_d__Bacteria","p__Firmicutes","c__Bacilli","o__Bacillales","f__Bacillaceae","g__Bacillus","s__unclassified_g__Bacillus","Mild",72,"Mild: (nodes: 72; links: )"
"147",-6.74559309299614,2.821545114676,"ASV10",17,0.461038961038961,81.0146952207691,17,"Mild","ASV10","d__Bacteria","k__norank_d__Bacteria","p__Proteobacteria","c__Gammaproteobacteria","o__Enterobacterales","f__Enterobacteriaceae","g__unclassified_f__Enterobacteriaceae","s__unclassified_f__Enterobacteriaceae","Mild",72,"Mild: (nodes: 72; links: )"
"148",7.16117627592954,8.78071533373539,"ASV11",18,0.452229299363057,50.7536755163747,18,"Mild","ASV11","d__Bacteria","k__norank_d__Bacteria","p__Bacteroidota","c__Bacteroidia","o__Flavobacteriales","f__Weeksellaceae","g__Chryseobacterium","s__unclassified_g__Chryseobacterium","Mild",72,"Mild: (nodes: 72; links: )"
"149",-0.0841268052759601,-8.73970044081214,"ASV112",1,0.292181069958848,0,1,"Mild","ASV112","d__Bacteria","k__norank_d__Bacteria","p__Proteobacteria","c__Gammaproteobacteria","o__Enterobacterales","f__Enterobacteriaceae","g__Klebsiella","s__unclassified_g__Klebsiella","Mild",72,"Mild: (nodes: 72; links: )"
"150",-4.89714432113555,1.70411131536975,"ASV113",18,0.470198675496689,71.28332825575,18,"Mild","ASV113","d__Bacteria","k__norank_d__Bacteria","p__Proteobacteria","c__Gammaproteobacteria","o__Enterobacterales","f__Enterobacteriaceae","g__Klebsiella","s__unclassified_g__Klebsiella","Mild",72,"Mild: (nodes: 72; links: )"
"151",-1.93478893932085,1.3134903282628,"ASV114",4,0.344660194174757,25.1943049049817,4,"Mild","ASV114","d__Bacteria","k__norank_d__Bacteria","p__Proteobacteria","c__Gammaproteobacteria","o__Pseudomonadales","f__Pseudomonadaceae","g__Pseudomonas","s__unclassified_g__Pseudomonas","Mild",72,"Mild: (nodes: 72; links: )"
"152",-6.88530210537906,3.94124185928746,"ASV115",11,0.427710843373494,31.9576545308292,11,"Mild","ASV115","d__Bacteria","k__norank_d__Bacteria","p__Proteobacteria","c__Gammaproteobacteria","o__Enterobacterales","f__Enterobacteriaceae","g__unclassified_f__Enterobacteriaceae","s__unclassified_f__Enterobacteriaceae","Mild",72,"Mild: (nodes: 72; links: )"
"153",9.79000735878708,3.01911311006183,"ASV116",0,0,0,0,"Mild","ASV116","d__Bacteria","k__norank_d__Bacteria","p__Proteobacteria","c__Gammaproteobacteria","o__Burkholderiales","f__Comamonadaceae","g__Comamonas","s__unclassified_g__Comamonas","Mild",72,"Mild: (nodes: 72; links: )"
"154",-6.75979860843269,-4.42713918560892,"ASV117",6,0.365979381443299,11.392020609319,6,"Mild","ASV117","d__Bacteria","k__norank_d__Bacteria","p__Proteobacteria","c__Gammaproteobacteria","o__Enterobacterales","f__Enterobacteriaceae","g__Klebsiella","s__unclassified_g__Klebsiella","Mild",72,"Mild: (nodes: 72; links: )"
"155",6.73772956009644,14.796855488841,"ASV118",6,0.371727748691099,9.82079391900786,6,"Mild","ASV118","d__Bacteria","k__norank_d__Bacteria","p__Bacteroidota","c__Bacteroidia","o__Flavobacteriales","f__Flavobacteriaceae","g__Flavobacterium","s__Cytophaga_sp._VM1T","Mild",72,"Mild: (nodes: 72; links: )"
"156",5.16589582660248,4.71669082320995,"ASV119",6,0.360406091370558,59.3724282268221,6,"Mild","ASV119","d__Bacteria","k__norank_d__Bacteria","p__Proteobacteria","c__Gammaproteobacteria","o__Enterobacterales","f__Enterobacteriaceae","g__unclassified_f__Enterobacteriaceae","s__unclassified_f__Enterobacteriaceae","Mild",72,"Mild: (nodes: 72; links: )"
"157",-10.7853408143606,6.86463919051824,"ASV12",4,0.346341463414634,1.49253461504542,4,"Mild","ASV12","d__Bacteria","k__norank_d__Bacteria","p__Proteobacteria","c__Gammaproteobacteria","o__Enterobacterales","f__Enterobacteriaceae","g__unclassified_f__Enterobacteriaceae","s__unclassified_f__Enterobacteriaceae","Mild",72,"Mild: (nodes: 72; links: )"
"158",2.51936731567486,-8.83784588813549,"ASV121",7,0.367875647668394,67.9763230335645,7,"Mild","ASV121","d__Bacteria","k__norank_d__Bacteria","p__Proteobacteria","c__Gammaproteobacteria","o__Xanthomonadales","f__Xanthomonadaceae","g__Stenotrophomonas","s__unclassified_g__Stenotrophomonas","Mild",72,"Mild: (nodes: 72; links: )"
"159",-12.4209275274486,-0.0964083839688937,"ASV122",6,0.387978142076503,76.4351781926336,6,"Mild","ASV122","d__Bacteria","k__norank_d__Bacteria","p__Proteobacteria","c__Gammaproteobacteria","o__Enterobacterales","f__Enterobacteriaceae","g__unclassified_f__Enterobacteriaceae","s__unclassified_f__Enterobacteriaceae","Mild",72,"Mild: (nodes: 72; links: )"
"160",0.987965350867204,-3.82446651721179,"ASV123",5,0.408045977011494,19.4386159218763,5,"Mild","ASV123","d__Bacteria","k__norank_d__Bacteria","p__Proteobacteria","c__Gammaproteobacteria","o__Xanthomonadales","f__Xanthomonadaceae","g__Stenotrophomonas","s__unclassified_g__Stenotrophomonas","Mild",72,"Mild: (nodes: 72; links: )"
"161",-7.79578038731797,6.0892666809439,"ASV126",10,0.458064516129032,58.0303167230041,10,"Mild","ASV126","d__Bacteria","k__norank_d__Bacteria","p__Deinococcota","c__Deinococci","o__Deinococcales","f__Deinococcaceae","g__Deinococcus","s__unclassified_g__Deinococcus","Mild",72,"Mild: (nodes: 72; links: )"
"162",9.67908652757833,7.97545329340208,"ASV127",1,0.322727272727273,0,1,"Mild","ASV127","d__Bacteria","k__norank_d__Bacteria","p__Proteobacteria","c__Gammaproteobacteria","o__Burkholderiales","f__Alcaligenaceae","g__Achromobacter","s__unclassified_g__Achromobacter","Mild",72,"Mild: (nodes: 72; links: )"
"163",-7.78513342455585,3.26040193312049,"ASV129",14,0.464052287581699,70.0115317900099,14,"Mild","ASV129","d__Bacteria","k__norank_d__Bacteria","p__Proteobacteria","c__Alphaproteobacteria","o__Rhizobiales","f__Rhizobiaceae","g__Mesorhizobium","s__unclassified_g__Mesorhizobium","Mild",72,"Mild: (nodes: 72; links: )"
"164",4.62939674001523,-0.967292102194614,"ASV13",7,0.43558282208589,21.6576525137022,7,"Mild","ASV13","d__Bacteria","k__norank_d__Bacteria","p__Proteobacteria","c__Gammaproteobacteria","o__Burkholderiales","f__Alcaligenaceae","g__Achromobacter","s__unclassified_g__Achromobacter","Mild",72,"Mild: (nodes: 72; links: )"
"165",4.26818792596257,14.7541774096955,"ASV131",13,0.476510067114094,114.009347521827,13,"Mild","ASV131","d__Bacteria","k__norank_d__Bacteria","p__Deinococcota","c__Deinococci","o__Deinococcales","f__Deinococcaceae","g__Deinococcus","s__Deinococcus_antarcticus","Mild",72,"Mild: (nodes: 72; links: )"
"166",12.7959505948958,-5.45057987767416,"ASV132",2,0.292181069958848,4.89096174224257,2,"Mild","ASV132","d__Bacteria","k__norank_d__Bacteria","p__Proteobacteria","c__Alphaproteobacteria","o__Rhizobiales","f__Xanthobacteraceae","g__Bradyrhizobium","s__unclassified_g__Bradyrhizobium","Mild",72,"Mild: (nodes: 72; links: )"
"167",6.46357664561446,-2.83968836813583,"ASV134",8,0.401129943502825,88.3044551872274,8,"Mild","ASV134","d__Bacteria","k__norank_d__Bacteria","p__Proteobacteria","c__Gammaproteobacteria","o__Xanthomonadales","f__Xanthomonadaceae","g__Stenotrophomonas","s__unclassified_g__Stenotrophomonas","Mild",72,"Mild: (nodes: 72; links: )"
"168",7.57191473095234,12.5900765866431,"ASV139",14,0.473333333333333,162.866863669176,14,"Mild","ASV139","d__Bacteria","k__norank_d__Bacteria","p__Bacteroidota","c__Bacteroidia","o__Sphingobacteriales","f__Sphingobacteriaceae","g__Pedobacter","s__unclassified_g__Pedobacter","Mild",72,"Mild: (nodes: 72; links: )"
"169",2.46429296176699,12.3753878124522,"ASV14",16,0.452229299363057,29.3920282538957,16,"Mild","ASV14","d__Bacteria","k__norank_d__Bacteria","p__Bacteroidota","c__Bacteroidia","o__Sphingobacteriales","f__Sphingobacteriaceae","g__Sphingobacterium","s__unclassified_g__Sphingobacterium","Mild",72,"Mild: (nodes: 72; links: )"
"170",3.69179160718672,-3.02005956272969,"ASV15",7,0.396648044692737,21.8024438470204,7,"Mild","ASV15","d__Bacteria","k__norank_d__Bacteria","p__Proteobacteria","c__Gammaproteobacteria","o__Xanthomonadales","f__Xanthomonadaceae","g__Stenotrophomonas","s__unclassified_g__Stenotrophomonas","Mild",72,"Mild: (nodes: 72; links: )"
"171",-0.354751309651036,12.9382250067014,"ASV16",12,0.39010989010989,8.98862215481781,12,"Mild","ASV16","d__Bacteria","k__norank_d__Bacteria","p__Bacteroidota","c__Bacteroidia","o__Chitinophagales","f__Chitinophagaceae","g__unclassified_f__Chitinophagaceae","s__unclassified_f__Chitinophagaceae","Mild",72,"Mild: (nodes: 72; links: )"
"172",6.82283196733119,-9.22751905013881,"ASV17",9,0.432926829268293,32.8169892267818,9,"Mild","ASV17","d__Bacteria","k__norank_d__Bacteria","p__Proteobacteria","c__Gammaproteobacteria","o__Pseudomonadales","f__Moraxellaceae","g__Acinetobacter","s__unclassified_g__Acinetobacter","Mild",72,"Mild: (nodes: 72; links: )"
"173",3.68720712714765,-5.12563871643092,"ASV18",19,0.458064516129032,134.597700438458,19,"Mild","ASV18","d__Bacteria","k__norank_d__Bacteria","p__Proteobacteria","c__Alphaproteobacteria","o__Sphingomonadales","f__Sphingomonadaceae","g__Sphingomonas","s__unclassified_g__Sphingomonas","Mild",72,"Mild: (nodes: 72; links: )"
"174",12.2612452732011,-8.7775887283875,"ASV180",4,0.328703703703704,0,4,"Mild","ASV180","d__Bacteria","k__norank_d__Bacteria","p__Proteobacteria","c__Gammaproteobacteria","o__Enterobacterales","f__Enterobacteriaceae","g__Escherichia-Shigella","s__unclassified_g__Escherichia-Shigella","Mild",72,"Mild: (nodes: 72; links: )"
"175",9.08173125284021,-1.98454005055933,"ASV181",8,0.364102564102564,4.61862002939589,8,"Mild","ASV181","d__Bacteria","k__norank_d__Bacteria","p__Proteobacteria","c__Gammaproteobacteria","o__Enterobacterales","f__Enterobacteriaceae","g__Escherichia-Shigella","s__unclassified_g__Escherichia-Shigella","Mild",72,"Mild: (nodes: 72; links: )"
"176",11.0788146167458,-6.38394088942991,"ASV183",6,0.360406091370558,2.23128236705823,6,"Mild","ASV183","d__Bacteria","k__norank_d__Bacteria","p__Proteobacteria","c__Gammaproteobacteria","o__Enterobacterales","f__Enterobacteriaceae","g__Escherichia-Shigella","s__unclassified_g__Escherichia-Shigella","Mild",72,"Mild: (nodes: 72; links: )"
"177",1.83263034547257,-10.9875785468511,"ASV185",5,0.358585858585859,0,5,"Mild","ASV185","d__Bacteria","k__norank_d__Bacteria","p__Proteobacteria","c__Gammaproteobacteria","o__Enterobacterales","f__Enterobacteriaceae","g__Escherichia-Shigella","s__unclassified_g__Escherichia-Shigella","Mild",72,"Mild: (nodes: 72; links: )"
"178",4.30044188588872,-8.43640131806573,"ASV19",12,0.412790697674419,27.8332007425266,12,"Mild","ASV19","d__Bacteria","k__norank_d__Bacteria","p__Proteobacteria","c__Alphaproteobacteria","o__Sphingomonadales","f__Sphingomonadaceae","g__Sphingomonas","s__unclassified_g__Sphingomonas","Mild",72,"Mild: (nodes: 72; links: )"
"179",-11.6247249538978,1.54659065114101,"ASV2",18,0.47972972972973,101.724278824895,18,"Mild","ASV2","d__Bacteria","k__norank_d__Bacteria","p__Proteobacteria","c__Gammaproteobacteria","o__Enterobacterales","f__Enterobacteriaceae","g__unclassified_f__Enterobacteriaceae","s__unclassified_f__Enterobacteriaceae","Mild",72,"Mild: (nodes: 72; links: )"
"180",-7.89248962764392,-2.03855591430393,"ASV20",16,0.467105263157895,116.635636096884,16,"Mild","ASV20","d__Bacteria","k__norank_d__Bacteria","p__Proteobacteria","c__Gammaproteobacteria","o__Enterobacterales","f__Enterobacteriaceae","g__unclassified_f__Enterobacteriaceae","s__unclassified_f__Enterobacteriaceae","Mild",72,"Mild: (nodes: 72; links: )"
"181",-12.9843998470879,-1.53111958528653,"ASV203",4,0.287449392712551,22.6944444444444,4,"Mild","ASV203","d__Bacteria","k__norank_d__Bacteria","p__Actinobacteriota","c__Actinobacteria","o__Micrococcales","f__Micrococcaceae","g__Rothia","s__unclassified_g__Rothia","Mild",72,"Mild: (nodes: 72; links: )"
"182",5.08296458084059,12.2629482541419,"ASV21",16,0.452229299363057,29.3920282538957,16,"Mild","ASV21","d__Bacteria","k__norank_d__Bacteria","p__Bacteroidota","c__Bacteroidia","o__Sphingobacteriales","f__Sphingobacteriaceae","g__Sphingobacterium","s__unclassified_g__Sphingobacterium","Mild",72,"Mild: (nodes: 72; links: )"
"183",0.473755579288181,10.3013682271061,"ASV22",15,0.44375,22.4623138421842,15,"Mild","ASV22","d__Bacteria","k__norank_d__Bacteria","p__Bacteroidota","c__Bacteroidia","o__Sphingobacteriales","f__Sphingobacteriaceae","g__Sphingobacterium","s__unclassified_g__Sphingobacterium","Mild",72,"Mild: (nodes: 72; links: )"
"184",6.26689133925623,-6.11060969684918,"ASV23",9,0.464052287581699,197.178315812242,9,"Mild","ASV23","d__Bacteria","k__norank_d__Bacteria","p__Proteobacteria","c__Gammaproteobacteria","o__Pseudomonadales","f__Pseudomonadaceae","g__Pseudomonas","s__unclassified_g__Pseudomonas","Mild",72,"Mild: (nodes: 72; links: )"
"185",6.91755559197549,4.2018389669694,"ASV24",2,0.285140562248996,13.5668726712665,2,"Mild","ASV24","d__Bacteria","k__norank_d__Bacteria","p__Proteobacteria","c__Gammaproteobacteria","o__Burkholderiales","f__Comamonadaceae","g__Delftia","s__unclassified_g__Delftia","Mild",72,"Mild: (nodes: 72; links: )"
"186",4.91337359464659,-4.19160816009611,"ASV25",16,0.410404624277457,166.890429507005,16,"Mild","ASV25","d__Bacteria","k__norank_d__Bacteria","p__Proteobacteria","c__Alphaproteobacteria","o__Rhizobiales","f__Beijerinckiaceae","g__Methylobacterium-Methylorubrum","s__unclassified_g__Methylobacterium-Methylorubrum","Mild",72,"Mild: (nodes: 72; links: )"
"187",-13.7140833226535,0.742427342209937,"ASV255",2,0.307359307359307,70,2,"Mild","ASV255","d__Bacteria","k__norank_d__Bacteria","p__Proteobacteria","c__Gammaproteobacteria","o__Pseudomonadales","f__Pseudomonadaceae","g__Pseudomonas","s__unclassified_g__Pseudomonas","Mild",72,"Mild: (nodes: 72; links: )"
"188",3.11755830348672,4.90412084887299,"ASV26",21,0.493055555555556,132.561808595636,21,"Mild","ASV26","d__Bacteria","k__norank_d__Bacteria","p__Proteobacteria","c__Alphaproteobacteria","o__Rhizobiales","f__Beijerinckiaceae","g__Methylobacterium-Methylorubrum","s__unclassified_g__Methylobacterium-Methylorubrum","Mild",72,"Mild: (nodes: 72; links: )"
"189",-10.5725389619364,-0.998780997697586,"ASV27",12,0.44375,29.9799705421244,12,"Mild","ASV27","d__Bacteria","k__norank_d__Bacteria","p__Proteobacteria","c__Gammaproteobacteria","o__Burkholderiales","f__Comamonadaceae","g__Comamonas","s__unclassified_g__Comamonas","Mild",72,"Mild: (nodes: 72; links: )"
"190",6.33243851562978,10.7968969385167,"ASV28",17,0.486301369863014,158.574750506471,17,"Mild","ASV28","d__Bacteria","k__norank_d__Bacteria","p__Proteobacteria","c__Alphaproteobacteria","o__Rhizobiales","f__Rhizobiaceae","g__Phyllobacterium","s__unclassified_g__Phyllobacterium","Mild",72,"Mild: (nodes: 72; links: )"
"191",-12.317774081111,-3.17628007625431,"ASV29",1,0.235880398671096,0,1,"Mild","ASV29","d__Bacteria","k__norank_d__Bacteria","p__Proteobacteria","c__Gammaproteobacteria","o__Enterobacterales","f__Enterobacteriaceae","g__unclassified_f__Enterobacteriaceae","s__unclassified_f__Enterobacteriaceae","Mild",72,"Mild: (nodes: 72; links: )"
"192",-10.0889499505816,-4.04916060417937,"ASV297",7,0.425149700598802,99.2898607282128,7,"Mild","ASV297","d__Bacteria","k__norank_d__Bacteria","p__Firmicutes","c__Bacilli","o__Lactobacillales","f__Lactobacillaceae","g__Lactobacillus","s__unclassified_g__Lactobacillus","Mild",72,"Mild: (nodes: 72; links: )"
"193",-2.90420110698868,3.33149356654014,"ASV3",5,0.346341463414634,26.8035686923586,5,"Mild","ASV3","d__Bacteria","k__norank_d__Bacteria","p__Proteobacteria","c__Gammaproteobacteria","o__Burkholderiales","f__Oxalobacteraceae","g__Undibacterium","s__uncultured_bacterium_g__Undibacterium","Mild",72,"Mild: (nodes: 72; links: )"
"194",0.839652109387818,5.14483918833587,"ASV30",4,0.394444444444444,0.956281523773784,4,"Mild","ASV30","d__Bacteria","k__norank_d__Bacteria","p__Proteobacteria","c__Gammaproteobacteria","o__Enterobacterales","f__Enterobacteriaceae","g__unclassified_f__Enterobacteriaceae","s__unclassified_f__Enterobacteriaceae","Mild",72,"Mild: (nodes: 72; links: )"
"195",-2.45841001935198,-9.51298437662403,"ASV31",0,0,0,0,"Mild","ASV31","d__Bacteria","k__norank_d__Bacteria","p__Firmicutes","c__Bacilli","o__Lactobacillales","f__Streptococcaceae","g__Streptococcus","s__Streptococcus_danieliae","Mild",72,"Mild: (nodes: 72; links: )"
"196",-12.7324655458448,3.81355088669738,"ASV32",6,0.365979381443299,0.80952380952381,6,"Mild","ASV32","d__Bacteria","k__norank_d__Bacteria","p__Proteobacteria","c__Gammaproteobacteria","o__Enterobacterales","f__Enterobacteriaceae","g__unclassified_f__Enterobacteriaceae","s__unclassified_f__Enterobacteriaceae","Mild",72,"Mild: (nodes: 72; links: )"
"197",4.08429003516253,9.52701618456393,"ASV33",15,0.446540880503145,23.2309153140566,15,"Mild","ASV33","d__Bacteria","k__norank_d__Bacteria","p__Bacteroidota","c__Bacteroidia","o__Flavobacteriales","f__Flavobacteriaceae","g__Flavobacterium","s__Flavobacterium_sp._B202","Mild",72,"Mild: (nodes: 72; links: )"
"198",1.93447328167685,-6.86586323300954,"ASV34",7,0.417647058823529,18.8202706158314,7,"Mild","ASV34","d__Bacteria","k__norank_d__Bacteria","p__Proteobacteria","c__Gammaproteobacteria","o__Enterobacterales","f__Enterobacteriaceae","g__unclassified_f__Enterobacteriaceae","s__unclassified_f__Enterobacteriaceae","Mild",72,"Mild: (nodes: 72; links: )"
"199",8.97950998696773,10.5114805722841,"ASV35",14,0.449367088607595,14.3461390651337,14,"Mild","ASV35","d__Bacteria","k__norank_d__Bacteria","p__Proteobacteria","c__Alphaproteobacteria","o__Rhizobiales","f__Beijerinckiaceae","g__Methylobacterium-Methylorubrum","s__unclassified_g__Methylobacterium-Methylorubrum","Mild",72,"Mild: (nodes: 72; links: )"
"200",-9.87514115706439,3.80564393084208,"ASV36",12,0.432926829268293,32.0212445924519,12,"Mild","ASV36","d__Bacteria","k__norank_d__Bacteria","p__Proteobacteria","c__Gammaproteobacteria","o__Burkholderiales","f__Comamonadaceae","g__Comamonas","s__Comamonas_aquatica","Mild",72,"Mild: (nodes: 72; links: )"
"201",11.8755526824565,-2.94447534732248,"ASV366",3,0.27843137254902,4.58015873015873,3,"Mild","ASV366","d__Bacteria","k__norank_d__Bacteria","p__Proteobacteria","c__Gammaproteobacteria","o__Pseudomonadales","f__Moraxellaceae","g__Acinetobacter","s__unclassified_g__Acinetobacter","Mild",72,"Mild: (nodes: 72; links: )"
"202",-4.94744660300456,4.89525297554439,"ASV39",11,0.464052287581699,72.2304919187806,11,"Mild","ASV39","d__Bacteria","k__norank_d__Bacteria","p__Proteobacteria","c__Gammaproteobacteria","o__Pseudomonadales","f__Pseudomonadaceae","g__Pseudomonas","s__unclassified_g__Pseudomonas","Mild",72,"Mild: (nodes: 72; links: )"
"203",3.97884050214989,-6.63919322842273,"ASV4",18,0.493055555555556,228.184348926172,18,"Mild","ASV4","d__Bacteria","k__norank_d__Bacteria","p__Bacteroidota","c__Bacteroidia","o__Flavobacteriales","f__Weeksellaceae","g__Cloacibacterium","s__unclassified_g__Cloacibacterium","Mild",72,"Mild: (nodes: 72; links: )"
"204",-3.15098303766867,-7.22558813391515,"ASV40",0,0,0,0,"Mild","ASV40","d__Bacteria","k__norank_d__Bacteria","p__Actinobacteriota","c__Actinobacteria","o__Micrococcales","f__Microbacteriaceae","g__Curtobacterium","s__unclassified_g__Curtobacterium","Mild",72,"Mild: (nodes: 72; links: )"
"205",-8.39913743816753,-6.50099723048168,"ASV41",3,0.279527559055118,0,3,"Mild","ASV41","d__Bacteria","k__norank_d__Bacteria","p__Actinobacteriota","c__Actinobacteria","o__Micrococcales","f__Micrococcaceae","g__Paenarthrobacter","s__unclassified_g__Paenarthrobacter","Mild",72,"Mild: (nodes: 72; links: )"
"206",9.05910604130575,-7.60316822375097,"ASV43",9,0.405714285714286,27.0569290371121,9,"Mild","ASV43","d__Bacteria","k__norank_d__Bacteria","p__Proteobacteria","c__Alphaproteobacteria","o__Caulobacterales","f__Caulobacteraceae","g__Brevundimonas","s__unclassified_g__Brevundimonas","Mild",72,"Mild: (nodes: 72; links: )"
"207",-13.2090440428421,6.00100830496182,"ASV45",1,0.280632411067194,0,1,"Mild","ASV45","d__Bacteria","k__norank_d__Bacteria","p__Proteobacteria","c__Gammaproteobacteria","o__Pseudomonadales","f__Moraxellaceae","g__Acinetobacter","s__unclassified_g__Acinetobacter","Mild",72,"Mild: (nodes: 72; links: )"
"208",1.40112090646524,7.47171052357748,"ASV46",18,0.486301369863014,138.306555450352,18,"Mild","ASV46","d__Bacteria","k__norank_d__Bacteria","p__Bacteroidota","c__Bacteroidia","o__Flavobacteriales","f__Flavobacteriaceae","g__Flavobacterium","s__Flavobacterium_sp._B202","Mild",72,"Mild: (nodes: 72; links: )"
"209",7.89864729169083,6.38112739065467,"ASV491",13,0.43030303030303,13.0293834964868,13,"Mild","ASV491","d__Bacteria","k__norank_d__Bacteria","p__Proteobacteria","c__Gammaproteobacteria","o__Enterobacterales","f__Enterobacteriaceae","g__Klebsiella","s__unclassified_g__Klebsiella","Mild",72,"Mild: (nodes: 72; links: )"
"210",9.24063868240895,-4.73422378168536,"ASV5",21,0.482993197278912,209.915291589846,21,"Mild","ASV5","d__Bacteria","k__norank_d__Bacteria","p__Proteobacteria","c__Alphaproteobacteria","o__Sphingomonadales","f__Sphingomonadaceae","g__Sphingomonas","s__unclassified_g__Sphingomonas","Mild",72,"Mild: (nodes: 72; links: )"
"211",-5.58344282909097,-2.52233365723348,"ASV50",10,0.410404624277457,38.1867121440422,10,"Mild","ASV50","d__Bacteria","k__norank_d__Bacteria","p__Proteobacteria","c__Gammaproteobacteria","o__Pseudomonadales","f__Pseudomonadaceae","g__Pseudomonas","s__unclassified_g__Pseudomonas","Mild",72,"Mild: (nodes: 72; links: )"
"212",9.49108278430532,-10.5494141847488,"ASV57",6,0.365979381443299,0.6,6,"Mild","ASV57","d__Bacteria","k__norank_d__Bacteria","p__Bacteroidota","c__Bacteroidia","o__Chitinophagales","f__Chitinophagaceae","g__Sediminibacterium","s__uncultured_bacterium_g__Sediminibacterium","Mild",72,"Mild: (nodes: 72; links: )"
"213",5.40256155712284,6.64841338234247,"ASV6",20,0.496503496503497,137.693250628573,20,"Mild","ASV6","d__Bacteria","k__norank_d__Bacteria","p__Proteobacteria","c__Alphaproteobacteria","o__Rhizobiales","f__Beijerinckiaceae","g__Methylobacterium-Methylorubrum","s__unclassified_g__Methylobacterium-Methylorubrum","Mild",72,"Mild: (nodes: 72; links: )"
"214",-8.11520588126273,1.02791221455187,"ASV60",11,0.43558282208589,172.724097034026,11,"Mild","ASV60","d__Bacteria","k__norank_d__Bacteria","p__Proteobacteria","c__Gammaproteobacteria","o__Burkholderiales","f__Comamonadaceae","g__Acidovorax","s__unclassified_g__Acidovorax","Mild",72,"Mild: (nodes: 72; links: )"
"215",4.78580890039172,-10.9124095551024,"ASV62",6,0.371727748691099,4.65204140396571,6,"Mild","ASV62","d__Bacteria","k__norank_d__Bacteria","p__Proteobacteria","c__Gammaproteobacteria","o__Pseudomonadales","f__Pseudomonadaceae","g__Pseudomonas","s__unclassified_g__Pseudomonas","Mild",72,"Mild: (nodes: 72; links: )"
"216",7.07482136397453,-12.779850557147,"ASV683",4,0.341346153846154,26.543886803411,4,"Mild","ASV683","d__Bacteria","k__norank_d__Bacteria","p__Proteobacteria","c__Gammaproteobacteria","o__Enterobacterales","f__Enterobacteriaceae","g__unclassified_f__Enterobacteriaceae","s__unclassified_f__Enterobacteriaceae","Mild",72,"Mild: (nodes: 72; links: )"
"217",-6.0110055153633,-0.615265516072697,"ASV7",16,0.461038961038961,130.503834255133,16,"Mild","ASV7","d__Bacteria","k__norank_d__Bacteria","p__Proteobacteria","c__Gammaproteobacteria","o__Enterobacterales","f__Enterobacteriaceae","g__Klebsiella","s__unclassified_g__Klebsiella","Mild",72,"Mild: (nodes: 72; links: )"
"218",3.54867977991418,7.24060006709476,"ASV8",21,0.482993197278912,88.5222944721636,21,"Mild","ASV8","d__Bacteria","k__norank_d__Bacteria","p__Bacteroidota","c__Bacteroidia","o__Flavobacteriales","f__Weeksellaceae","g__Chryseobacterium","s__unclassified_g__Chryseobacterium","Mild",72,"Mild: (nodes: 72; links: )"
"219",-1.6920888285668,8.25782053494125,"ASV88",11,0.401129943502825,1.82940867811183,11,"Mild","ASV88","d__Bacteria","k__norank_d__Bacteria","p__Actinobacteriota","c__Actinobacteria","o__Corynebacteriales","f__Nocardiaceae","g__Williamsia","s__unclassified_g__Williamsia","Mild",72,"Mild: (nodes: 72; links: )"
"220",-3.42221150214633,-1.12616934109029,"ASV9",9,0.377659574468085,127.591477399044,9,"Mild","ASV9","d__Bacteria","k__norank_d__Bacteria","p__Proteobacteria","c__Gammaproteobacteria","o__Burkholderiales","f__Comamonadaceae","g__Comamonas","s__unclassified_g__Comamonas","Mild",72,"Mild: (nodes: 72; links: )"
